SIDO,SIGUNGU,SIGUNGU2,SIG_CD,2000,2001,2002,2003,2004,2005,2006,2007,2008,2009,2010,2011,2012,2013,2014,2015,2016
서울,종로구,,11110,7793.69,7703.91,7578.71,7423.87,7291.86,7081.64,6976.02," 6,936.49 "," 7,140.13 "," 7,052.28 "," 7,134.94 "," 7,043.19 "," 6,910.37 "," 6,695.47 "," 6,565.18 "," 6,481.27 "," 6,387.23 "
서울,중구,,11140,14153.23,14356.25,13865.69,13505.36,13248.48,13053.58,13116.07," 13,056.07 "," 13,088.04 "," 12,998.33 "," 13,335.63 "," 13,371.48 "," 13,388.15 "," 13,098.82 "," 12,857.70 "," 12,623.10 "," 12,574.03 "
서울,용산구,,11170,10978.27,11020.40,10728.21,10601.38,10523.18,10530.21,10611.27," 10,784.64 "," 10,893.96 "," 10,916.13 "," 11,197.19 "," 11,272.30 "," 11,122.34 "," 10,962.67 "," 10,789.39 "," 10,671.14 "," 10,529.37 "
서울,성동구,,11200,20231.92,20266.06,20228.78,20144.92,20129.63,20047.83,19850.56," 19,796.66 "," 18,648.75 "," 18,284.00 "," 18,345.23 "," 17,847.17 "," 17,783.13 "," 17,760.80 "," 17,564.58 "," 17,615.32 "," 17,749.54 "
서울,광진구,,11215,22948.85,22761.19,22666.79,22574.71,22316.74,22018.45,21959.34," 22,082.16 "," 22,007.98 "," 21,919.89 "," 22,005.75 "," 21,797.55 "," 21,760.62 "," 21,622.31 "," 21,295.31 "," 21,119.47 "," 20,934.78 "
서울,동대문구,,11230,26764.30,26863.29,26861.38,26932.81,26688.55,26809.18,26654.14," 26,505.46 "," 26,072.05 "," 25,502.02 "," 25,828.85 "," 25,733.90 "," 25,578.06 "," 25,633.55 "," 25,592.13 "," 25,338.90 "," 24,978.13 "
서울,중랑구,,11260,24773.09,24260.66,23893.43,23568.18,23447.96,23098.38,23031.31," 23,085.58 "," 23,129.63 "," 22,965.09 "," 23,108.65 "," 22,906.39 "," 22,668.30 "," 22,533.03 "," 22,645.13 "," 22,378.49 "," 22,221.58 "
서울,성북구,,11290,18759.78,18342.64,18066.13,18442.26,18363.66,18843.85,19247.84," 19,130.72 "," 19,268.54 "," 19,377.70 "," 19,903.71 "," 19,748.93 "," 19,610.51 "," 19,390.74 "," 18,989.17 "," 18,685.91 "," 18,323.01 "
서울,강북구,,11305,14906.49,14887.84,15332.02,15280.26,15274.17,14966.67,14785.12," 14,635.76 "," 14,496.70 "," 14,415.43 "," 14,675.30 "," 14,623.71 "," 14,542.54 "," 14,353.77 "," 14,197.85 "," 14,021.82 "," 13,866.00 "
서울,도봉구,,11320,17823.07,17848.05,17880.14,18105.83,18363.13,18344.14,18234.02," 18,159.96 "," 18,062.14 "," 17,859.41 "," 17,790.65 "," 17,659.05 "," 17,499.06 "," 17,320.45 "," 17,086.54 "," 16,959.82 "," 16,848.34 "
서울,노원구,,11350,17859.42,18238.94,18113.94,17839.23,17733.28,17559.09,17448.72," 17,410.49 "," 17,387.63 "," 17,231.32 "," 17,248.66 "," 17,043.05 "," 16,852.28 "," 16,663.34 "," 16,439.59 "," 16,214.70 "," 16,016.20 "
서울,은평구,,11380,15796.18,15739.28,15823.28,15977.08,16089.33,15843.19,15637.39," 15,456.69 "," 15,439.52 "," 15,690.61 "," 16,438.28 "," 16,623.61 "," 16,885.71 "," 16,957.10 "," 16,787.96 "," 16,762.83 "," 16,545.46 "
서울,서대문구,,11410,20876.37,20809.53,20601.84,20196.16,19989.20,19823.75,19815.75," 19,799.21 "," 18,842.09 "," 18,602.95 "," 18,434.97 "," 17,884.67 "," 17,897.46 "," 17,839.63 "," 17,629.13 "," 17,728.47 "," 17,843.08 "
서울,마포구,,11440,16221.93,15880.91,15725.87,15895.20,16062.41,16256.92,16353.69," 16,446.75 "," 16,132.13 "," 16,086.49 "," 16,410.54 "," 16,337.03 "," 16,135.91 "," 16,019.01 "," 16,170.61 "," 16,257.26 "," 15,932.65 "
서울,양천구,,11470,27972.88,27832.96,27840.77,27986.10,28453.93,28715.92,28827.96," 28,938.46 "," 28,863.36 "," 28,800.58 "," 28,727.81 "," 28,738.67 "," 28,503.28 "," 28,300.43 "," 27,937.83 "," 27,840.78 "," 27,445.51 "
서울,강서구,,11500,12592.48,12598.80,12762.53,12972.18,13084.66,13374.16,13396.22," 13,529.03 "," 13,924.48 "," 13,829.62 "," 13,858.84 "," 13,737.23 "," 13,697.19 "," 13,736.62 "," 14,124.97 "," 14,215.89 "," 14,370.95 "
서울,구로구,,11530,20045.10,20653.16,20551.19,20525.42,20723.37,20702.76,20874.43," 20,911.49 "," 20,896.50 "," 20,973.15 "," 21,059.55 "," 21,243.96 "," 21,249.13 "," 21,122.80 "," 21,165.72 "," 20,980.02 "," 20,754.36 "
서울,금천구,,11545,20490.84,20032.84,20104.54,20089.96,19962.70,19738.53,19461.31," 19,146.86 "," 19,017.27 "," 18,834.09 "," 18,860.66 "," 18,725.03 "," 18,713.28 "," 18,516.49 "," 18,315.24 "," 18,148.15 "," 18,079.77 "
서울,영등포구,,11560,16547.29,16561.56,16638.64,16413.59,16538.35,16623.76,16636.58," 16,615.63 "," 16,612.89 "," 16,519.25 "," 16,561.03 "," 16,178.05 "," 15,941.56 "," 15,755.85 "," 15,587.45 "," 15,430.52 "," 15,108.78 "
서울,동작구,,11590,25431.38,24832.58,24645.39,25086.14,25125.51,25110.59,24993.32," 24,832.42 "," 24,519.90 "," 24,339.42 "," 24,632.36 "," 24,547.24 "," 24,797.12 "," 25,120.35 "," 24,915.79 "," 24,498.20 "," 24,519.55 "
서울,관악구,,11620,17736.49,17849.68,17658.99,17668.57,17929.15,17923.90,18098.99," 18,110.96 "," 18,078.36 "," 17,919.99 "," 17,973.08 "," 17,802.82 "," 17,688.07 "," 17,518.90 "," 17,356.51 "," 17,236.19 "," 17,141.46 "
서울,서초구,,11650,8440.44,8355.22,8254.07,8393.38,8522.30,8541.38,8680.26," 8,638.27 "," 8,644.68 "," 9,052.14 "," 9,248.73 "," 9,224.07 "," 9,255.90 "," 9,398.85 "," 9,567.24 "," 9,505.24 "," 9,518.36 "
서울,강남구,,11680,13915.79,13671.05,13533.24,13377.43,13442.16,13679.79,14085.55," 14,187.74 "," 14,109.61 "," 14,218.57 "," 14,427.50 "," 14,316.69 "," 14,284.33 "," 14,268.01 "," 14,635.37 "," 14,594.56 "," 14,356.87 "
서울,송파구,,11710,19580.70,19344.04,19094.81,18282.58,17838.24,17883.03,17917.44," 18,415.07 "," 19,745.89 "," 20,115.75 "," 20,228.04 "," 20,138.58 "," 19,870.14 "," 19,731.92 "," 19,622.61 "," 19,491.62 "," 19,418.48 "
서울,강동구,,11740,20203.47,19906.12,19589.74,19417.42,19169.76,18881.46,18787.56," 18,901.13 "," 19,083.59 "," 19,720.46 "," 20,007.36 "," 20,139.81 "," 19,845.54 "," 19,659.78 "," 19,384.34 "," 18,652.72 "," 18,063.48 "
부산,중구,,26110,20765.39,20344.13,19848.76,19384.82,18959.91,18524.23,18099.27," 17,827.61 "," 17,591.57 "," 17,357.32 "," 17,546.53 "," 17,277.52 "," 17,042.22 "," 16,753.70 "," 16,538.50 "," 16,211.94 "," 15,996.80 "
부산,서구,,26140,11595.53,11106.37,10824.35,10552.37,10417.25,10199.20,9919.00," 9,673.56 "," 9,349.14 "," 9,060.11 "," 9,078.51 "," 8,910.91 "," 8,702.89 "," 8,529.08 "," 8,477.42 "," 8,318.21 "," 8,093.84 "
부산,동구,,26170,13006.21,12716.39,12382.95,12032.15,11691.09,11260.17,10954.07," 10,724.79 "," 10,509.81 "," 10,345.37 "," 10,382.28 "," 10,317.31 "," 10,123.31 "," 9,864.82 "," 9,716.59 "," 9,456.09 "," 9,225.81 "
부산,영도구,,26200,13204.58,12871.57,12499.03,12188.11,11880.06,11614.44,11316.60," 11,059.45 "," 10,788.83 "," 10,486.64 "," 10,391.46 "," 10,137.48 "," 9,894.09 "," 9,612.68 "," 9,336.34 "," 9,144.25 "," 8,902.03 "
부산,부산진구,,26230,14505.75,14375.23,14174.89,13833.11,13661.06,13829.83,13670.20," 13,554.52 "," 13,491.75 "," 13,328.35 "," 13,332.00 "," 13,306.26 "," 13,226.58 "," 13,126.02 "," 13,045.01 "," 12,855.73 "," 12,685.28 "
부산,동래구,,26260,17973.93,17691.25,17392.87,16892.03,16787.55,16590.90,16797.14," 17,121.50 "," 16,981.44 "," 16,930.96 "," 17,005.66 "," 17,063.20 "," 16,759.26 "," 16,633.90 "," 16,590.79 "," 16,402.06 "," 16,396.56 "
부산,남구,,26290,11688.37,11810.30,11916.85,11859.16,11741.10,11615.33,11271.45," 11,215.42 "," 11,269.69 "," 11,192.19 "," 11,150.71 "," 11,008.91 "," 10,861.34 "," 10,883.68 "," 10,704.80 "," 10,560.28 "," 10,398.67 "
부산,북구,,26320,8023.58,8133.38,8381.01,8530.00,8702.68,8764.63,8627.19," 8,492.75 "," 8,085.39 "," 7,967.83 "," 7,915.64 "," 7,825.22 "," 7,950.77 "," 7,867.79 "," 7,798.18 "," 7,887.40 "," 7,880.23 "
부산,해운대구,,26350,7947.35,7922.49,7807.78,7846.49,7842.97,7865.35,8143.48," 8,236.99 "," 8,248.86 "," 8,258.40 "," 8,292.40 "," 8,270.52 "," 8,320.45 "," 8,268.10 "," 8,229.27 "," 8,215.58 "," 8,156.82 "
부산,사하구,,26380,9506.42,9392.38,9254.60,9178.29,9151.12,9095.30,8961.90," 8,908.20 "," 8,924.54 "," 8,786.19 "," 8,758.84 "," 8,520.19 "," 8,453.82 "," 8,366.90 "," 8,225.05 "," 8,090.39 "," 8,014.08 "
부산,금정구,,26410,4483.82,4385.18,4273.89,4214.44,4157.32,4062.54,4034.01," 3,975.73 "," 3,934.96 "," 3,867.08 "," 3,918.98 "," 3,906.74 "," 3,922.16 "," 3,884.51 "," 3,828.02 "," 3,769.19 "," 3,747.70 "
부산,강서구,,26440,351.95,339.46,325.63,315.08,305.57,299.08,295.37, 286.97 , 290.93 , 337.01 , 347.28 , 358.46 , 362.35 , 384.69 , 438.68 , 521.24 , 600.10 
부산,연제구,,26470,18488.28,18733.17,18899.08,18667.34,18367.16,18028.19,17783.59," 17,605.58 "," 17,619.17 "," 17,418.95 "," 17,608.83 "," 17,660.99 "," 17,512.77 "," 17,326.77 "," 17,220.44 "," 17,418.64 "," 17,130.82 "
부산,수영구,,26500,18181.58,17824.56,17510.15,17435.16,17681.70,17497.63,17415.63," 17,450.95 "," 17,360.64 "," 17,375.02 "," 17,470.17 "," 17,315.83 "," 17,313.12 "," 17,157.32 "," 17,488.68 "," 17,617.10 "," 17,570.72 "
부산,사상구,,26530,8403.14,8380.33,8206.71,8034.70,7871.28,7742.47,7575.18," 7,408.04 "," 7,238.30 "," 7,078.99 "," 7,150.33 "," 7,055.21 "," 6,939.43 "," 6,838.91 "," 6,732.25 "," 6,586.07 "," 6,450.00 "
부산,기장군,,26710,341.50,349.68,350.64,356.36,366.16,367.58,364.03, 365.01 , 372.27 , 409.91 , 470.37 , 495.72 , 524.87 , 607.04 , 663.00 , 701.30 , 726.19 
대구,중구,,27110,12980.40,12655.04,12300.87,11798.91,11289.48,11313.51,11112.01," 11,186.32 "," 11,149.96 "," 10,990.92 "," 11,029.49 "," 10,858.85 "," 10,694.23 "," 10,806.00 "," 11,170.66 "," 11,470.58 "," 11,299.17 "
대구,동구,,27140,1853.78,1843.99,1826.82,1861.93,1888.75,1887.51,1853.72," 1,844.29 "," 1,816.52 "," 1,818.82 "," 1,852.32 "," 1,872.52 "," 1,877.94 "," 1,887.31 "," 1,910.13 "," 1,919.56 "," 1,928.56 "
대구,서구,,27170,16340.23,15990.68,15572.20,15112.65,14735.73,14329.75,13904.74," 13,573.50 "," 13,081.12 "," 12,881.60 "," 12,848.09 "," 12,733.65 "," 12,595.97 "," 12,412.67 "," 12,165.06 "," 11,891.20 "," 11,513.19 "
대구,남구,,27200,11248.09,11038.53,10871.38,10636.37,10402.27,10321.43,10348.76," 10,236.99 "," 10,054.65 "," 9,858.00 "," 9,819.33 "," 9,699.15 "," 9,676.62 "," 9,524.46 "," 9,376.94 "," 9,225.44 "," 8,972.28 "
대구,북구,,27230,4288.20,4340.01,4555.78,4672.49,4813.29,4923.99,4960.99," 4,919.72 "," 4,903.87 "," 4,817.99 "," 4,809.26 "," 4,780.65 "," 4,767.02 "," 4,723.27 "," 4,723.58 "," 4,710.50 "," 4,681.31 "
대구,수성구,,27260,6012.26,5970.36,5844.10,5864.22,5806.36,5717.59,5756.74," 5,848.28 "," 5,907.96 "," 5,966.55 "," 6,041.99 "," 6,030.22 "," 6,012.71 "," 6,028.96 "," 5,969.99 "," 5,908.36 "," 5,845.85 "
대구,달서구,,27290,9452.40,9630.97,9724.05,9700.04,9660.33,9570.48,9460.98," 9,484.05 "," 9,537.83 "," 9,592.48 "," 9,737.90 "," 9,729.19 "," 9,729.65 "," 9,790.62 "," 9,727.71 "," 9,666.76 "," 9,494.60 "
대구,달성군,,27710,361.29,365.55,364.37,368.94,365.10,370.83,370.80,#N/A, 400.49 , 412.52 , 418.96 , 422.76 , 432.17 , 432.17 , 433.36 , 451.74 , 511.55 
인천,중구,,28110,812.01,711.81,717.65,782.01,813.56,831.97,802.08, 779.57 , 769.77 , 740.32 , 754.62 , 760.33 , 751.35 , 820.90 , 840.34 , 857.89 , 822.11 
인천,동구,,28140,10784.00,10739.15,10591.32,11472.53,11560.06,11119.95,10644.57," 10,309.25 "," 10,418.38 "," 10,756.13 "," 11,083.76 "," 10,946.34 "," 10,671.51 "," 10,444.34 "," 10,287.59 "," 10,091.48 "," 9,874.97 "
인천,남구,,28170,17362.01,17571.98,17878.15,17874.26,17689.21,17194.47,17026.91," 16,856.98 "," 16,929.58 "," 16,901.00 "," 17,058.26 "," 16,828.09 "," 16,688.13 "," 16,559.31 "," 16,436.59 "," 16,299.26 "," 16,792.15 "
인천,연수구,,28185,10331.11,10280.53,10210.36,10145.35,8624.31,8695.16,8026.71," 7,961.10 "," 7,969.06 "," 6,351.45 "," 6,532.21 "," 6,318.07 "," 6,420.89 "," 6,590.22 "," 6,332.14 "," 6,371.79 "," 5,980.82 "
인천,남동구,,28200,7175.52,7171.87,7100.24,6905.92,6761.86,6672.55,6864.09," 7,480.22 "," 7,914.61 "," 8,150.18 "," 8,307.07 "," 8,690.38 "," 8,832.75 "," 8,893.67 "," 9,023.96 "," 9,317.45 "," 9,306.99 "
인천,부평구,,28237,17088.49,17262.39,17457.10,17323.05,17414.54,17740.28,17829.85," 17,785.67 "," 17,793.11 "," 17,629.22 "," 17,735.73 "," 17,530.06 "," 17,470.95 "," 17,404.46 "," 17,404.80 "," 17,368.12 "," 17,176.87 "
인천,계양구,,28245,7397.07,7455.12,7484.95,7463.36,7396.49,7359.27,7511.62," 7,517.63 "," 7,512.74 "," 7,548.58 "," 7,631.85 "," 7,554.71 "," 7,508.88 "," 7,544.72 "," 7,451.13 "," 7,336.48 "," 7,247.60 "
인천,서구,,28260,3099.99,3148.72,3163.60,3124.30,3259.11,3427.12,3426.58," 3,559.93 "," 3,464.91 "," 3,480.86 "," 3,582.34 "," 3,828.78 "," 4,121.57 "," 4,298.33 ",#N/A," 4,380.84 "," 4,368.87 "
인천,강화군,,28710,163.37,162.78,159.75,158.16,158.34,159.00,159.32, 161.60 , 163.85 , 163.01 , 163.18 , 162.35 , 162.27 , 162.24 , 163.13 , 164.47 , 165.30 
인천,옹진군,,28720,85.39,85.59,85.95,86.85,90.20,94.98,100.33, 100.47 , 102.13 , 106.12 , 109.04 , 113.34 , 116.51 , 120.29 , 120.30 , 121.74 , 123.79 
광주,동구,,29110,2530.18,2438.93,2399.32,2384.14,2409.81,2342.69,2334.70," 2,354.88 "," 2,250.52 "," 2,205.68 "," 2,137.72 "," 2,164.68 "," 2,146.07 "," 2,094.01 "," 2,048.21 "," 2,007.58 "," 1,942.27 "
광주,서구,,29140,6155.28,6436.88,6677.00,6714.35,6761.53,6665.82,6619.77," 6,571.62 "," 6,526.62 "," 6,418.60 "," 6,491.40 "," 6,654.03 "," 6,625.34 "," 6,597.16 "," 6,494.02 "," 6,384.11 "," 6,479.79 "
광주,남구,,29155,3790.93,3702.90,3624.43,3538.91,3493.23,3511.97,3466.58," 3,422.36 "," 3,491.28 "," 3,501.92 "," 3,553.95 "," 3,589.53 "," 3,578.36 "," 3,545.46 "," 3,604.16 "," 3,629.10 "," 3,603.24 "
광주,북구,,29170,3907.05,3894.10,3869.13,3795.94,3760.45,3729.10,3786.30," 3,829.26 "," 3,894.66 "," 3,855.91 "," 3,834.99 "," 3,694.86 "," 3,688.21 "," 3,703.17 "," 3,721.36 "," 3,709.97 "," 3,666.11 "
광주,광산구,,29200,1134.56,1179.99,1235.04,1287.53,1328.50,1377.14,1398.14," 1,418.28 "," 1,438.84 "," 1,538.40 "," 1,629.51 "," 1,684.73 "," 1,727.71 "," 1,762.58 "," 1,782.37 "," 1,798.04 "," 1,808.53 "
대전,동구,,30110,1845.92,1803.27,1758.26,1756.02,1743.80,1716.03,1729.48," 1,789.59 "," 1,800.52 "," 1,801.55 "," 1,821.48 "," 1,839.21 "," 1,843.82 "," 1,833.96 "," 1,796.49 "," 1,753.20 "," 1,719.28 "
대전,중구,,30140,4308.56,4329.59,4285.62,4329.87,4290.29,4302.15,4252.82," 4,280.46 "," 4,260.09 "," 4,249.85 "," 4,278.56 "," 4,273.34 "," 4,251.27 "," 4,263.76 "," 4,203.04 "," 4,122.54 "," 4,062.97 "
대전,서구,,30170,5000.06,5088.61,5203.91,5255.43,5340.98,5338.20,5299.90," 5,266.22 "," 5,233.22 "," 5,233.69 "," 5,237.30 "," 5,227.59 "," 5,200.18 "," 5,225.73 "," 4,307.86 "," 5,140.20 "," 5,141.62 "
대전,유성구,,30200,889.85,969.27,1057.35,1094.66,1148.54,1245.97,1371.93," 1,413.43 "," 1,465.92 "," 1,503.85 "," 1,588.93 "," 1,660.51 "," 1,728.30 "," 1,771.03 "," 1,857.06 "," 1,901.18 "," 1,946.13 "
대전,대덕구,,30230,3380.57,3374.75,3360.46,3350.01,3316.66,3262.51,3175.22," 3,115.49 "," 3,085.16 "," 3,040.76 "," 3,031.98 "," 2,999.22 "," 2,995.64 "," 2,975.50 "," 2,934.51 "," 2,865.64 "," 2,805.44 "
울산,중구,,31110,6275.68,6299.28,6352.12,6318.70,6362.52,6366.54,6349.38," 6,395.33 "," 6,323.92 "," 6,223.82 "," 6,296.92 "," 6,289.84 "," 6,299.56 "," 6,340.13 "," 6,453.17 "," 6,606.02 "," 6,553.34 "
울산,남구,,31140,4686.04,4805.88,4857.75,4851.45,4848.39,4817.58,4794.85," 4,750.79 "," 4,764.80 "," 4,737.84 "," 4,743.16 "," 4,725.58 "," 4,780.44 "," 4,801.69 "," 4,764.21 "," 4,705.46 "," 4,664.41 "
울산,동구,,31170,5251.30,5221.83,5238.61,5204.25,5183.02,5160.56,5198.58," 5,083.21 "," 4,916.87 "," 4,837.08 "," 4,741.93 "," 4,780.24 "," 4,872.86 "," 4,953.13 "," 4,903.06 "," 4,855.28 "," 4,842.66 "
울산,북구,,31200,770.13,778.78,791.72,837.74,884.66,928.94,945.73, 989.12 ," 1,057.77 "," 1,090.84 "," 1,128.00 "," 1,159.91 "," 1,169.94 "," 1,180.23 "," 1,199.64 "," 1,214.45 "," 1,241.26 "
울산,울주군,,31710,218.25,225.54,226.93,230.28,230.91,230.92,234.60, 242.73 , 253.86 , 258.69 , 265.86 , 270.40 , 274.90 , 275.48 , 283.07 , 289.65 , 289.49 
세종,세종시,,36110,222.58,224.95,227.74,228.89,233.59,233.27,228.97, 221.32 , 217.61 , 219.94 , 226.55 , 229.34 , 243.32 , 262.75 , 335.83 , 453.64 , 522.83 
경기,수원시,장안구,41111,8444.80,8828.90,9456.12,8624.04,8568.15,8580.49,8740.68," 8,680.32 "," 8,633.31 "," 8,764.89 "," 8,852.34 "," 8,771.44 "," 8,794.12 "," 9,024.35 "," 9,033.10 "," 8,967.68 "," 8,891.64 "
경기,수원시,권선구,41113,6437.63,6588.08,6585.41,6060.22,6062.65,6272.95,6484.42," 6,555.98 "," 6,505.80 "," 6,429.51 "," 6,486.04 "," 6,789.30 "," 7,031.37 "," 7,032.78 "," 7,204.39 "," 7,441.77 "," 7,597.35 "
경기,수원시,팔달구,41115,9181.49,9337.07,9975.95,16468.54,16851.16,16697.69,16653.52," 16,588.54 "," 16,303.32 "," 16,815.31 "," 16,558.93 "," 16,316.38 "," 16,084.63 "," 15,929.96 "," 15,826.63 "," 15,492.25 "," 15,440.52 "
경기,수원시,영통구,41117,,,,8891.14,8812.96,8944.60,9256.32," 9,190.04 "," 9,477.06 "," 9,411.43 "," 9,489.24 "," 9,630.17 "," 10,446.60 "," 11,226.44 "," 11,913.05 "," 12,117.40 "," 12,306.68 "
경기,성남시,수정구,41131,5589.28,5600.70,5648.06,5658.02,5700.13,5696.00,5641.52," 5,583.24 "," 5,402.81 "," 5,318.31 "," 5,294.38 "," 5,185.79 "," 5,141.57 "," 5,013.62 "," 4,911.76 "," 4,827.31 "," 5,119.96 "
경기,성남시,중원구,41133,10377.64,10370.85,10369.36,10414.76,10309.91,10217.96,10039.86," 9,967.17 "," 10,049.21 "," 9,849.26 "," 9,778.56 "," 9,660.96 "," 9,618.96 "," 9,706.32 "," 3,611.53 "," 9,465.03 "," 9,007.45 "
경기,성남시,분당구,41135,5664.31,5781.18,5869.34,6148.84,6379.60,6506.50,6348.65," 6,258.74 "," 6,183.63 "," 6,601.14 "," 6,894.15 "," 6,998.90 "," 7,033.32 "," 7,094.83 "," 18,896.28 "," 7,193.02 "," 7,220.79 "
경기,의정부시,,41150,4425.98,4499.76,4637.93,4838.44,4872.85,4931.59,5037.21," 5,171.09 "," 5,283.89 "," 5,285.62 "," 5,295.51 "," 5,278.34 "," 5,262.88 "," 5,285.32 "," 5,286.95 "," 5,322.05 "," 5,377.26 "
경기,안양시,만안구,41171,6964.54,7146.72,7359.66,7292.69,7257.81,7317.64,7322.80," 7,275.14 "," 7,193.66 "," 7,178.35 "," 7,287.92 "," 7,200.75 "," 6,938.29 "," 6,848.83 "," 6,767.57 "," 6,766.47 "," 6,900.21 "
경기,안양시,동안구,41173,14882.22,15056.81,14859.74,15402.50,16214.15,16310.63,16269.89," 16,345.28 "," 16,305.35 "," 16,159.84 "," 16,212.68 "," 16,080.91 "," 16,325.24 "," 16,312.13 "," 16,121.12 "," 15,985.64 "," 15,735.73 "
경기,부천시,,41190,14516.85,14614.90,15277.19,15793.51,16007.75,16005.57,16076.01," 16,168.83 "," 16,237.68 "," 16,279.83 "," 16,378.27 "," 16,327.06 "," 16,280.15 "," 16,163.72 "," 16,011.98 "," 15,887.48 "," 15,931.55 "
경기,광명시,,41210,8783.06,8735.74,8852.65,8728.14,8606.55,8512.97,8137.40," 8,129.00 "," 8,064.25 "," 8,161.74 "," 8,933.23 "," 9,222.76 "," 9,231.68 "," 9,168.19 "," 9,049.21 "," 8,956.56 "," 8,813.67 "
경기,평택시,,41220,787.30,792.28,792.86,807.15,819.80,847.50,875.82, 887.83 , 894.63 , 900.83 , 920.40 , 933.33 , 949.36 , 966.27 , 982.69 ," 1,005.26 "," 1,027.83 "
경기,동두천시,,41250,789.39,776.20,764.83,781.25,828.04,863.66,896.95, 928.07 , 949.56 , 974.42 , 999.98 ," 1,006.21 "," 1,015.84 "," 1,019.84 "," 1,020.22 "," 1,024.11 "," 1,027.21 "
경기,안산시,상록구,41271,,,5933.59,6083.27,6207.79,6326.05,6445.89," 6,519.74 "," 6,570.48 "," 6,467.72 "," 6,548.98 "," 6,578.86 "," 6,590.60 "," 6,596.90 "," 6,578.30 "," 6,543.99 "," 6,480.66 "
경기,안산시,단원구,41273,,,3257.58,3402.97,3488.36,3550.16,3635.13," 3,650.70 "," 3,635.99 "," 3,631.25 "," 3,680.43 "," 3,657.81 "," 3,645.23 "," 3,618.39 "," 3,566.65 "," 3,430.70 "," 3,262.88 "
경기,고양시,덕양구,41281,2234.81,2246.07,2279.32,2301.30,2331.79,2353.12,2303.25," 2,285.73 "," 2,337.10 "," 2,348.89 "," 2,382.65 "," 2,367.08 "," 2,395.38 "," 2,479.48 "," 2,563.57 "," 2,669.33 "," 2,694.75 "
경기,고양시,일산동구,41285,3623.03,3724.08,3889.31,4098.73,4232.85,3817.16,4055.33," 4,340.67 "," 4,420.34 "," 4,430.07 "," 6,287.93 "," 4,704.31 "," 4,704.76 "," 4,738.38 "," 4,742.01 "," 4,765.81 "," 4,881.48 "
경기,고양시,일산서구,41287,5003.69,5143.25,5371.44,5660.67,5845.90,6760.32,6766.44," 6,780.86 "," 6,795.17 "," 6,731.57 "," 7,988.51 "," 6,802.17 "," 6,846.31 "," 6,956.56 "," 6,989.47 "," 7,046.86 "," 7,068.70 "
경기,과천시,,41290,1992.08,1985.75,1965.99,1961.42,1905.88,1700.22,1686.96," 1,737.43 "," 1,937.71 "," 2,009.30 ", 35.86 ," 2,006.22 "," 1,981.48 "," 1,967.80 "," 1,956.01 "," 1,922.27 "," 1,778.15 "
경기,구리시,,41310,5088.40,5551.36,5803.25,5795.62,5809.70,5782.96,5821.55," 5,909.54 "," 5,881.86 "," 5,873.33 "," 5,896.94 "," 5,851.14 "," 5,774.31 "," 5,694.19 "," 5,608.29 "," 5,605.21 "," 5,816.86 "
경기,남양주시,,41360,779.14,815.34,853.52,877.69,909.33,981.81,1026.56," 1,073.82 "," 1,103.23 "," 1,146.61 "," 1,231.64 "," 1,262.89 "," 1,308.88 "," 1,349.85 "," 1,388.91 "," 1,426.68 "," 1,445.59 "
경기,오산시,,41370,2477.45,2678.93,2713.13,2765.00,2838.57,3036.89,3188.26," 3,410.79 "," 3,512.78 "," 3,734.69 "," 4,267.36 "," 4,533.35 "," 4,686.63 "," 4,808.14 "," 4,880.51 "," 4,840.25 "," 4,883.41 "
경기,시흥시,,41390,2419.62,2544.14,2665.78,2748.46,2817.05,2881.19,2902.68," 2,902.56 "," 2,918.53 "," 2,947.32 "," 2,990.37 "," 2,970.86 "," 2,958.67 "," 2,938.68 "," 2,922.02 "," 2,932.88 "," 2,966.87 "
경기,군포시,,41410,7431.17,7401.62,7387.17,7521.94,7577.19,7639.36,7552.14," 7,573.12 "," 7,634.33 "," 7,583.14 "," 7,915.93 "," 7,900.71 "," 7,867.14 "," 7,853.68 "," 7,921.06 "," 7,896.61 "," 7,824.06 "
경기,의왕시,,41430,2247.99,2301.66,2472.42,2657.12,2696.99,2702.87,2560.16," 2,500.02 "," 2,490.31 "," 2,608.25 "," 2,729.89 "," 2,770.11 "," 2,865.46 "," 2,959.22 "," 2,935.63 "," 2,921.86 "," 2,903.59 "
경기,하남시,,41450,1325.36,1328.54,1370.28,1378.73,1395.75,1427.36,1448.64," 1,473.48 "," 1,543.85 "," 1,596.78 "," 1,617.33 "," 1,595.04 "," 1,572.16 "," 1,559.62 "," 1,600.50 "," 1,792.07 "," 2,269.22 "
경기,용인시,처인구,41461,279.51,321.95,374.66,410.03,456.51,420.90,426.47, 433.57 , 435.90 , 435.48 , 444.72 , 447.40 , 450.22 , 455.36 , 467.09 , 473.42 , 483.64 
경기,용인시,기흥구,41463,1599.923617,1842.84,2144.56,2347.06,2613.08,2751.22,3457.37," 3,693.32 "," 3,862.36 "," 4,164.21 "," 4,382.22 "," 4,514.30 "," 4,601.98 "," 4,813.83 "," 4,924.50 "," 5,009.16 "," 5,107.11 "
경기,용인시,수지구,41465,3104.215883,3575.51,4160.96,4553.86,5069.97,6461.07,6763.92," 7,029.57 "," 7,066.25 "," 7,016.94 "," 7,379.82 "," 7,556.78 "," 7,827.62 "," 7,966.91 "," 8,086.17 "," 8,201.54 "," 8,263.24 "
경기,파주시,,41480,280.87,329.07,349.63,353.38,366.25,389.21,435.25, 451.85 , 462.72 , 480.37 , 528.59 , 563.16 , 586.03 , 597.11 , 611.42 , 629.11 , 640.25 
경기,이천시,,41500,398.14,406.09,410.96,413.60,413.72,416.86,421.37, 424.23 , 426.27 , 428.13 , 439.18 , 443.41 , 444.21 , 445.38 , 444.37 , 444.19 , 455.93 
경기,안성시,,41550,246.40,255.52,266.88,273.47,278.15,283.91,288.46, 295.81 , 306.31 , 308.81 , 321.50 , 326.56 , 328.15 , 329.16 , 328.67 , 325.62 , 330.50 
경기,김포시,,41570,589.40,652.35,699.52,735.54,752.76,749.10,751.42, 744.67 , 796.88 , 816.51 , 861.47 , 928.95 ," 1,039.01 "," 1,128.95 "," 1,230.27 "," 1,265.35 "," 1,313.98 "
경기,화성시,,41590,278.42,306.15,329.99,343.36,394.64,430.86,450.62, 540.36 , 652.86 , 713.16 , 733.89 , 749.50 , 762.05 , 768.86 , 784.25 , 864.86 , 923.58 
경기,광주시,,41610, 322.62 ,354.01,406.70,443.44,476.25,497.11,515.18, 532.11 , 544.77 , 553.60 , 579.58 , 615.37 , 639.59 , 665.20 , 693.42 , 725.15 , 760.33 
경기,양주시,,41630, 378.32 , 437.64 , 461.37 ,477.25,491.87,517.63,547.22, 579.73 , 579.97 , 587.01 , 633.94 , 645.68 , 645.50 , 641.64 , 651.25 , 661.28 , 662.23 
경기,포천시,,41650,176.65,177.00,184.49,181.78,181.94,187.85,190.30, 191.36 , 193.80 , 192.30 , 191.97 , 191.11 , 190.61 , 189.43 , 188.46 , 187.77 , 187.24 
경기,여주시,,41670,170.43,172.13,171.71,171.12,171.04,171.52,172.78, 175.93 , 176.65 , 177.86 , 179.77 , 179.39 , 180.07 , 179.75 , 181.44 , 182.53 , 183.38 
경기,연천군,,41800,82.31,80.55,78.54,76.92,75.64,73.18,71.52, 70.78 , 70.59 , 70.19 , 66.98 , 66.50 , 67.46 , 67.49 , 67.12 , 67.64 , 67.88 
경기,가평군,,41820,66.53,66.46,65.82,65.28,65.03,65.05,65.04, 66.04 , 67.71 , 68.25 , 69.81 , 70.36 , 72.07 , 72.33 , 72.56 , 73.50 , 74.02 
경기,양평군,,41830,94.24,94.17,94.50,95.35,96.46,97.45,98.31, 100.11 , 102.31 , 104.19 , 109.18 , 113.28 , 116.42 , 118.05 , 120.05 , 123.41 , 126.89 
강원,춘천시,,42110,225.02,224.95,226.28,226.96,227.83,228.32,229.44, 231.15 , 234.61 , 237.20 , 241.76 , 244.35 , 244.86 , 245.84 , 247.04 , 249.02 , 251.44 
강원,원주시,,42130,311.15,316.11,319.28,323.72,328.21,332.59,339.17, 344.44 , 350.46 , 354.92 , 360.64 , 367.40 , 371.24 , 372.34 , 377.08 , 383.72 , 389.25 
강원,강릉시,,42150,224.14,222.97,220.98,220.21,218.48,215.75,213.46, 212.05 , 210.03 , 209.16 , 210.15 , 209.20 , 209.32 , 208.39 , 207.43 , 206.23 , 205.55 
강원,동해시,,42170,575.62,575.32,571.39,565.29,559.45,551.14,541.46, 536.75 , 531.18 , 528.90 , 528.59 , 531.67 , 521.08 , 528.00 , 524.77 , 521.07 , 517.72 
강원,태백시,,42190,187.87,185.10,181.68,177.71,175.47,172.82,169.97, 169.64 , 168.12 , 166.13 , 167.58 , 165.38 , 163.09 , 160.80 , 159.02 , 156.52 , 155.10 
강원,속초시,,42210,855.45,857.33,855.42,846.15,835.32,827.68,817.60, 810.78 , 803.41 , 795.98 , 800.11 , 794.37 , 791.59 , 786.82 , 779.85 , 775.55 , 773.69 
강원,삼척시,,42230,69.30,67.28,65.31,63.89,62.66,61.68,60.50, 59.69 , 59.82 , 60.65 , 60.74 , 60.95 , 61.06 , 61.54 , 60.95 , 59.67 , 58.63 
강원,홍천군,,42720,40.96,40.72,39.89,39.25,39.55,38.95,38.52, 38.58 , 38.69 , 38.27 , 38.42 , 38.42 , 38.32 , 38.82 , 38.71 , 38.65 , 38.50 
강원,횡성군,,42730,46.06,45.59,45.29,44.40,44.39,43.77,43.08, 43.27 , 43.51 , 44.22 , 44.37 , 44.47 , 44.72 , 45.04 , 45.48 , 45.88 , 46.09 
강원,영월군,,42750,42.94,46.22,40.17,39.06,37.62,36.84,35.93, 35.74 , 35.66 , 35.71 , 35.84 , 35.66 , 35.61 , 35.61 , 35.64 , 35.66 , 35.54 
강원,평창군,,42760,32.20,31.75,31.61,31.68,30.96,30.76,30.28, 30.05 , 29.85 , 29.80 , 29.81 , 29.78 , 29.81 , 29.83 , 29.83 , 29.72 , 29.59 
강원,정선군,,42770,41.42,40.18,41.97,37.87,37.21,36.22,35.40, 34.27 , 33.84 , 33.38 , 33.66 , 32.95 , 32.73 , 32.78 , 32.32 , 32.14 , 31.74 
강원,철원군,,42780,69.50,65.34,63.40,63.01,62.32,61.41,60.27, 59.52 , 59.90 , 59.84 , 61.42 , 54.05 , 53.93 , 53.37 , 53.51 , 54.86 , 53.98 
강원,화천군,,42790,27.71,27.47,26.50,26.99,26.69,26.11,25.65, 25.24 , 26.52 , 26.67 , 26.83 , 27.47 , 27.54 , 27.59 , 29.86 , 29.73 , 28.90 
강원,양구군,,42800,36.46,35.88,34.84,34.01,33.54,33.21,32.89, 33.09 , 32.92 , 32.95 , 33.75 , 34.42 , 35.17 , 35.65 , 36.09 , 36.39 , 36.28 
강원,인제군,,42810,20.74,20.41,20.02,19.80,20.01,20.24,20.05, 19.79 , 19.50 , 19.40 , 19.65 , 19.73 , 20.03 , 19.77 , 19.74 , 20.21 , 19.89 
강원,고성군,,42820,61.11,59.29,57.71,56.03,55.38,54.70,53.53, 51.99 , 51.62 , 51.80 , 45.61 , 45.52 , 45.61 , 45.99 , 45.79 , 45.47 , 45.55 
강원,양양군,,42830,47.94,48.01,47.84,46.89,46.42,46.33,45.58, 45.28 , 44.70 , 44.42 , 44.39 , 44.39 , 44.14 , 43.91 , 43.69 , 43.61 , 43.20 
충북,청주시,서원구,43112," 1,833.04 "," 1,833.04 "," 1,833.04 "," 1,833.04 "," 1,833.04 "," 1,833.04 "," 1,833.04 "," 1,833.04 "," 1,833.04 "," 1,833.04 "," 1,833.04 "," 1,833.04 "," 1,833.04 "," 1,833.04 "," 1,833.04 "," 1,794.64 "," 1,770.57 "
충북,청주시,청원구,43114, 813.93 , 813.93 , 813.93 , 813.93 , 813.93 , 813.93 , 813.93 , 813.93 , 813.93 , 813.93 , 813.93 , 813.93 , 813.93 , 813.93 , 813.93 , 846.74 , 887.66 
충북,청주시,상당구,43111, 444.57 , 444.57 , 444.57 , 444.57 , 444.57 , 444.57 , 444.57 , 444.57 , 444.57 , 444.57 , 444.57 , 444.57 , 444.57 , 444.57 , 444.57 , 436.25 , 429.52 
충북,청주시,흥덕구,43113," 1,270.82 "," 1,270.82 "," 1,270.82 "," 1,270.82 "," 1,270.82 "," 1,270.82 "," 1,270.82 "," 1,270.82 "," 1,270.82 "," 1,270.82 "," 1,270.82 "," 1,270.82 "," 1,270.82 "," 1,270.82 "," 1,270.82 "," 1,277.89 "," 1,278.45 "
충북,충주시,,43130,220.85,218.77,215.44,212.55,210.89,209.24,207.94, 208.45 , 209.78 , 210.03 , 211.93 , 211.89 , 211.91 , 211.57 , 212.01 , 211.39 , 211.83 
충북,제천시,,43150,167.67,164.29,162.31,159.41,157.36,156.61,154.29, 154.26 , 153.72 , 153.53 , 155.42 , 155.90 , 155.70 , 155.31 , 154.86 , 154.09 , 154.51 
충북,보은군,,43720,73.99,72.00,69.16,66.68,65.12,63.50,62.12, 60.51 , 60.03 , 59.66 , 59.86 , 59.43 , 58.95 , 58.74 , 58.60 , 58.70 , 58.57 
충북,옥천군,,43730,113.18,110.79,108.82,107.06,105.44,103.54,102.26, 101.64 , 101.43 , 100.77 , 100.61 , 99.61 , 99.14 , 98.24 , 97.69 , 97.57 , 97.31 
충북,영동군,,43740,69.38,67.67,65.98,63.95,62.24,61.30,60.15, 59.33 , 59.46 , 59.64 , 59.76 , 59.88 , 59.92 , 59.77 , 60.08 , 59.94 , 59.77 
충북,증평군,,43745,394.49,383.56,375.57,382.56,377.54,374.04,372.51, 380.60 , 393.23 , 405.30 , 409.82 , 415.62 , 418.91 , 422.17 , 424.94 , 448.23 , 456.06 
충북,진천군,,43750,148.04,148.52,147.00,147.09,148.64,148.17,148.09, 148.13 , 149.17 , 150.96 , 152.48 , 154.82 , 155.82 , 158.64 , 160.03 , 166.92 , 171.77 
충북,괴산군,,43760,48.04,46.68,45.28,47.98,47.00,45.83,44.61, 43.79 , 43.42 , 43.67 , 43.73 , 44.34 , 44.80 , 45.18 , 45.52 , 46.05 , 46.28 
충북,음성군,,43770,168.80,167.55,166.18,164.68,164.45,165.16,166.75, 169.77 , 172.06 , 172.40 , 175.06 , 176.13 , 178.70 , 179.71 , 183.22 , 185.28 , 187.96 
충북,단양군,,43800,51.28,49.64,47.84,45.76,44.54,43.74,42.74, 41.53 , 40.90 , 40.79 , 40.75 , 40.46 , 40.02 , 39.91 , 39.62 , 39.38 , 39.05 
충남,당진시,,44270, 187 , 181 , 178 , 175 , 177 , 181 , 188 ,204.7326 ,204.8207 ,199.9587 ,208.6 ,216.2 , 223.21 , 229.50 , 231.23 , 234.49 , 236.60 
충남,천안시,동남구,44131,480.51,493.19,503.12,520.52,573.63,584.35,596.71, 606.55 , 536.53 , 542.40 , 564.01 , 576.84 , 588.26 , 594.36 , 597.04 , 596.36 , 590.65 
충남,천안시,서북구,44133,1065.80,1093.91,1115.94,1154.52,1272.33,1296.10,1323.52," 1,345.35 "," 1,529.72 "," 1,532.45 "," 1,569.74 "," 1,611.25 "," 1,639.71 "," 1,672.13 "," 1,702.69 "," 1,741.66 "," 1,816.06 "
충남,공주시,,44150,144.15,142.41,140.91,139.19,138.49,137.65,136.45, 134.64 , 133.08 , 132.04 , 132.85 , 132.66 , 135.72 , 134.64 , 131.47 , 128.74 , 127.21 
충남,보령시,,44180,208.71,204.78,199.51,194.20,191.55,189.93,189.10, 189.16 , 187.85 , 187.57 , 188.55 , 186.93 , 185.41 , 184.30 , 183.21 , 183.97 , 181.03 
충남,아산시,,44200,339.66,343.85,352.45,356.15,370.52,377.07,390.21, 408.51 , 444.41 , 473.02 , 489.12 , 506.33 , 517.33 , 529.48 , 542.18 , 549.09 , 558.66 
충남,서산시,,44210,202.97,203.01,200.34,205.31,203.05,203.00,203.80, 207.37 , 211.82 , 214.54 , 216.66 , 218.04 , 220.46 , 223.87 , 226.25 , 229.50 , 230.42 
충남,논산시,,44230,231.33,227.92,223.26,244.60,244.35,241.94,236.89, 233.38 , 230.33 , 229.07 , 229.81 , 229.87 , 228.28 , 226.83 , 224.95 , 223.94 , 222.11 
충남,계룡시,,44250,453.21,474.14,491.52,511.75,513.56,566.40,606.44, 621.97 , 681.74 , 703.42 , 708.90 , 707.42 , 684.41 , 674.62 , 667.90 , 687.22 , 702.11 
충남,금산군,,44710,112.01,109.35,106.52,105.45,104.25,101.30,99.87, 100.11 , 98.46 , 97.55 , 98.08 , 97.16 , 96.61 , 96.13 , 95.59 , 95.09 , 94.62 
충남,부여군,,44760,148.39,144.71,140.92,136.53,133.31,130.39,127.45, 124.77 , 122.76 , 120.97 , 120.13 , 118.49 , 117.30 , 116.20 , 114.92 , 113.98 , 112.38 
충남,서천군,,44770,210.42,203.46,195.93,188.39,183.45,179.65,174.94, 170.85 , 169.00 , 167.78 , 167.82 , 166.30 , 164.56 , 163.18 , 161.16 , 158.93 , 153.20 
충남,청양군,,44790,85.53,83.47,80.46,77.13,74.27,72.80,71.11, 70.10 , 68.98 , 68.04 , 67.90 , 67.38 , 66.96 , 67.10 , 67.29 , 67.79 , 68.35 
충남,홍성군,,44800,215.00,210.93,205.99,213.29,205.55,204.88,201.73, 199.77 , 198.58 , 197.39 , 198.39 , 198.46 , 199.15 , 202.04 , 206.92 , 212.97 , 225.17 
충남,예산군,,44810,186.77,184.67,180.03,174.97,169.07,167.07,165.04, 163.51 , 162.55 , 160.73 , 160.45 , 159.36 , 158.35 , 157.11 , 156.58 , 153.87 , 149.90 
충남,태안군,,44825,136.52,134.51,130.86,126.64,126.30,126.34,126.26, 124.83 , 125.55 , 124.95 , 125.24 , 124.24 , 121.18 , 120.93 , 121.25 , 123.02 , 123.89 
전북,전주시,완산구,45111,3498.91,3531.12,3600.02,3606.21,3637.39,3656.17,3678.03," 3,657.02 "," 3,695.47 "," 3,700.58 "," 3,758.12 "," 3,807.70 "," 3,822.02 "," 3,841.03 "," 3,855.01 "," 3,864.27 "," 3,824.64 "
전북,전주시,덕진구,45113,2589.69,2578.13,2539.77,2483.50,2488.99,2462.28,2470.88," 2,482.04 "," 2,520.79 "," 2,548.05 "," 2,560.22 "," 2,556.73 "," 2,571.25 "," 2,581.66 "," 2,596.50 "," 2,584.55 "," 2,613.58 "
전북,군산시,,45130,734.65,732.32,719.48,710.33,697.70,688.38,682.75, 667.96 , 676.30 , 684.07 , 690.24 , 696.97 , 704.92 , 704.87 , 702.53 , 703.28 , 700.59 
전북,익산시,,45140,659.32,660.23,651.07,641.54,635.71,628.13,621.42, 618.59 , 610.25 , 605.29 , 606.54 , 611.52 , 604.94 , 605.08 , 600.39 , 596.32 , 593.21 
전북,정읍시,,45180,219.48,219.09,200.80,224.19,190.93,186.23,182.20, 179.31 , 177.35 , 175.48 , 176.13 , 173.88 , 172.34 , 170.80 , 169.15 , 167.39 , 166.23 
전북,남원시,,45190,137.59,138.12,133.36,135.43,127.84,124.44,121.20, 118.58 , 117.40 , 116.49 , 116.62 , 116.23 , 115.63 , 114.94 , 113.86 , 112.81 , 111.92 
전북,김제시,,45210,212.47,211.34,203.55,203.06,192.95,188.46,183.91, 179.11 , 175.77 , 173.92 , 173.14 , 170.88 , 169.42 , 167.43 , 165.39 , 162.86 , 160.81 
전북,완주군,,45710,102.33,105.63,103.10,101.90,100.47,101.89,101.33, 101.07 , 102.12 , 102.28 , 103.73 , 103.16 , 104.98 , 105.92 , 110.08 , 116.09 , 116.30 
전북,진안군,,45720,39.64,41.37,38.58,38.62,38.98,36.78,34.37, 38.33 , 34.51 , 34.92 , 34.90 , 36.08 , 34.17 , 33.84 , 33.55 , 33.20 , 33.04 
전북,무주군,,45730,46.24,48.01,44.15,42.28,41.44,40.96,40.23, 41.72 , 41.17 , 40.85 , 40.48 , 40.93 , 40.07 , 40.20 , 40.18 , 39.91 , 39.49 
전북,장수군,,45740,56.31,57.05,49.38,55.18,50.20,46.40,45.38, 50.03 , 44.74 , 44.01 , 43.83 , 43.53 , 43.49 , 43.58 , 43.76 , 43.65 , 44.31 
전북,임실군,,45750,62.85,62.70,58.73,57.41,55.28,54.45,53.56, 53.52 , 52.15 , 51.42 , 51.23 , 51.55 , 50.16 , 49.80 , 50.17 , 50.68 , 50.55 
전북,순창군,,45770,69.77,68.36,65.22,63.51,64.17,64.57,65.53, 64.62 , 62.37 , 60.87 , 60.92 , 59.48 , 60.60 , 61.04 , 61.23 , 60.99 , 60.38 
전북,고창군,,45790,122.10,122.41,114.78,114.76,107.45,104.93,102.22, 100.32 , 99.27 , 98.90 , 100.14 , 98.83 , 99.45 , 99.56 , 98.86 , 98.78 , 99.69 
전북,부안군,,45800,151.39,153.82,142.56,137.99,135.35,131.80,128.19, 125.44 , 123.46 , 122.11 , 121.98 , 119.82 , 119.39 , 119.99 , 116.68 , 115.39 , 115.50 
전남,목포시,,46110,5216.30,5194.51,5184.39,5109.61,5043.68,5070.36,5040.57," 4,931.23 "," 4,920.21 "," 4,884.12 "," 4,900.23 "," 4,885.39 "," 4,881.50 "," 4,762.04 "," 4,720.41 "," 4,621.68 "," 4,603.53 "
전남,여수시,,46130,650.30,642.44,632.74,622.29,611.53,603.64,593.43, 589.44 , 587.93 , 584.44 , 583.70 , 581.63 , 579.99 , 577.75 , 571.70 , 570.21 , 566.54 
전남,순천시,,46150,297.98,299.49,298.84,297.39,297.61,298.57,297.47, 297.95 , 296.91 , 297.02 , 300.54 , 299.96 , 300.79 , 302.79 , 304.47 , 306.20 , 305.77 
전남,나주시,,46170,179.61,175.25,170.25,168.41,164.42,162.20,159.62, 158.00 , 152.73 , 149.31 , 148.07 , 145.00 , 144.70 , 144.20 , 149.05 , 161.39 , 171.56 
전남,광양시,,46230,309.23,309.90,308.71,305.20,307.02,307.37,307.15, 307.45 , 311.88 , 316.10 , 318.86 , 330.29 , 328.70 , 329.57 , 330.56 , 332.26 , 335.93 
전남,담양군,,46710,121.05,117.04,113.23,111.91,111.21,110.66,110.59, 110.86 , 106.26 , 103.93 , 105.08 , 105.10 , 104.63 , 104.09 , 103.68 , 103.31 , 103.78 
전남,곡성군,,46720,75.18,70.82,67.15,64.48,62.83,62.39,61.43, 60.85 , 59.56 , 58.61 , 58.25 , 57.23 , 56.40 , 56.64 , 56.14 , 56.03 , 55.53 
전남,구례군,,46730,75.81,74.38,71.68,68.85,68.22,66.74,65.07, 63.64 , 62.51 , 62.09 , 61.76 , 61.87 , 61.09 , 61.18 , 61.30 , 61.61 , 61.84 
전남,고흥군,,46770,130.22,123.56,119.47,117.93,111.79,108.02,104.46, 101.23 , 98.68 , 96.78 , 95.22 , 93.52 , 92.16 , 87.49 , 86.26 , 84.97 , 83.80 
전남,보성군,,46780,92.48,89.57,86.35,84.39,81.85,80.12,78.32, 76.77 , 75.35 , 73.92 , 73.54 , 72.19 , 70.91 , 69.91 , 69.15 , 68.32 , 66.99 
전남,화순군,,46790,99.98,100.76,99.72,96.77,95.36,93.65,92.30, 90.95 , 89.40 , 88.56 , 88.16 , 87.67 , 86.90 , 86.20 , 84.86 , 83.68 , 82.99 
전남,장흥군,,46800,86.39,83.71,81.28,77.40,75.33,73.67,71.90, 70.31 , 69.21 , 68.10 , 68.58 , 68.37 , 68.56 , 69.09 , 69.39 , 69.90 , 65.34 
전남,강진군,,46810,99.31,102.48,93.47,89.46,87.08,85.37,83.85, 82.66 , 82.26 , 82.28 , 83.20 , 83.12 , 80.40 , 80.01 , 79.57 , 77.37 , 75.36 
전남,해남군,,46820,115.41,112.16,104.62,101.48,98.86,95.06,92.97, 89.98 , 82.06 , 81.49 , 79.12 , 77.90 , 77.16 , 76.68 , 75.98 , 75.20 , 73.98 
전남,영암군,,46830,119.89,118.28,114.21,111.82,110.17,109.57,105.24, 103.46 , 101.65 , 99.46 , 99.87 , 99.65 , 99.42 , 97.87 , 97.52 , 96.34 , 94.41 
전남,무안군,,46840,160.89,157.88,151.18,145.94,143.15,141.92,141.59, 142.35 , 148.72 , 161.68 , 166.28 , 168.65 , 168.71 , 176.79 , 181.64 , 182.85 , 182.57 
전남,함평군,,46860,115.19,110.82,106.86,107.26,102.38,102.33,98.41, 96.75 , 95.31 , 94.51 , 93.52 , 92.10 , 91.21 , 90.78 , 89.49 , 88.94 , 87.72 
전남,영광군,,46870,153.90,148.17,141.54,135.39,132.84,129.74,126.75, 124.22 , 122.64 , 120.41 , 121.13 , 119.70 , 120.46 , 121.31 , 119.67 , 118.47 , 117.09 
전남,장성군,,46880,107.95,105.47,101.33,99.30,96.81,94.81,92.31, 91.43 , 89.87 , 89.13 , 89.70 , 89.19 , 89.28 , 89.31 , 89.28 , 89.42 , 88.93 
전남,완도군,,46890,170.96,166.58,160.31,155.71,151.68,148.84,145.34, 142.16 , 139.05 , 137.30 , 136.99 , 136.41 , 135.96 , 135.30 , 134.16 , 133.73 , 132.85 
전남,진도군,,46900,98.13,95.55,91.99,89.11,86.65,84.79,83.44, 81.74 , 78.28 , 77.18 , 76.71 , 76.16 , 75.49 , 74.97 , 74.40 , 73.79 , 72.88 
전남,신안군,,46910,81.36,78.51,76.00,77.54,72.75,70.98,71.37, 70.22 , 69.83 , 69.17 , 69.33 , 67.67 , 66.97 , 67.35 , 66.72 , 66.02 , 65.04 
경북,포항시,남구,47111,656.75,655.26,650.96,659.62,650.37,651.06,641.76, 644.74 , 645.23 , 642.17 , 646.44 , 641.16 , 638.28 , 633.92 , 628.65 , 625.57 , 621.19 
경북,포항시,북구,47113,351.27,350.55,348.22,339.75,342.34,341.87,343.99, 343.10 , 346.16 , 349.30 , 354.17 , 359.66 , 363.60 , 366.56 , 369.22 , 371.11 , 369.60 
경북,경주시,,47130,219.20,217.18,214.97,212.39,209.87,207.76,206.51, 205.54 , 203.37 , 201.95 , 201.68 , 200.46 , 199.38 , 198.78 , 197.42 , 196.07 , 195.83 
경북,김천시,,47150,148.44,149.42,145.27,148.89,142.19,140.34,138.42, 137.83 , 136.83 , 134.73 , 134.89 , 134.95 , 134.28 , 134.04 , 134.24 , 138.85 , 140.95 
경북,안동시,,47170,121.00,119.65,117.98,115.55,114.45,112.69,110.94, 110.40 , 109.99 , 110.06 , 110.33 , 110.50 , 110.59 , 110.69 , 110.84 , 111.19 , 110.91 
경북,구미시,,47190,545.84,558.43,567.97,577.09,593.41,608.04,627.34, 636.12 , 640.07 , 644.03 , 657.82 , 671.69 , 677.50 , 681.57 , 683.04 , 682.36 , 682.55 
경북,영주시,,47210,196.16,192.46,188.46,185.09,181.67,178.06,174.87, 172.04 , 170.34 , 169.36 , 170.29 , 170.61 , 169.72 , 168.32 , 165.52 , 163.93 , 163.19 
경북,영천시,,47230,130.08,128.26,125.40,122.15,119.01,116.62,114.11, 114.97 , 113.02 , 112.04 , 112.09 , 113.20 , 110.74 , 109.61 , 109.52 , 109.48 , 109.34 
경북,상주시,,47250,99.36,97.26,94.83,91.92,89.72,88.01,86.29, 84.95 , 83.98 , 84.64 , 84.16 , 83.43 , 83.03 , 82.36 , 82.00 , 81.59 , 81.13 
경북,문경시,,47280,98.57,97.68,91.81,89.08,87.21,85.62,83.55, 82.07 , 82.85 , 84.12 , 84.89 , 84.17 , 83.26 , 83.00 , 83.27 , 83.12 , 81.95 
경북,경산시,,47290,519.63,524.85,530.75,525.40,533.51,553.08,570.29, 575.31 , 576.68 , 574.34 , 584.63 , 591.80 , 598.27 , 604.34 , 616.87 , 623.92 , 626.71 
경북,군위군,,47720,53.16,55.45,51.54,48.46,46.93,45.12,43.45, 41.98 , 41.21 , 40.65 , 40.27 , 39.51 , 39.27 , 39.35 , 39.35 , 39.28 , 39.35 
경북,의성군,,47730,64.90,62.82,60.26,58.15,56.23,54.82,53.54, 52.19 , 51.06 , 50.27 , 50.03 , 49.11 , 48.53 , 47.71 , 46.99 , 46.36 , 45.96 
경북,청송군,,47750,40.65,39.78,38.37,37.17,35.73,34.78,33.78, 33.06 , 32.30 , 31.86 , 31.62 , 31.42 , 31.30 , 31.29 , 31.27 , 31.18 , 31.09 
경북,영양군,,47760,27.98,27.20,26.24,25.48,24.79,24.57,24.06, 23.46 , 23.02 , 22.76 , 22.64 , 22.38 , 22.34 , 22.45 , 22.32 , 21.95 , 21.72 
경북,영덕군,,47770,69.01,66.92,70.98,63.38,61.83,60.72,62.69, 58.65 , 57.62 , 56.28 , 55.83 , 55.04 , 54.32 , 54.17 , 53.42 , 52.88 , 52.69 
경북,청도군,,47820,75.37,73.60,72.81,71.99,68.41,67.08,66.21, 65.31 , 64.16 , 63.54 , 63.98 , 63.84 , 63.36 , 63.11 , 63.41 , 63.02 , 62.79 
경북,고령군,,47830,97.89,95.83,93.70,91.01,89.89,89.24,90.55, 90.89 , 90.53 , 89.91 , 90.28 , 92.30 , 92.02 , 91.64 , 91.21 , 90.07 , 89.19 
경북,성주군,,47840,82.93,81.76,83.99,78.96,77.46,76.21,75.24, 74.15 , 73.09 , 74.03 , 73.50 , 74.07 , 73.24 , 73.14 , 73.01 , 73.09 , 73.37 
경북,칠곡군,,47850,229.56,232.22,234.74,234.73,236.13,238.96,247.06, 252.52 , 258.33 , 260.08 , 264.11 , 263.54 , 265.63 , 268.71 , 270.67 , 272.39 , 273.21 
경북,예천군,,47900,90.64,87.91,84.37,81.20,78.90,77.11,76.00, 73.95 , 72.62 , 71.58 , 71.19 , 70.46 , 69.62 , 68.93 , 68.21 , 67.55 , 69.80 
경북,봉화군,,47920,35.70,34.45,33.18,32.84,31.25,30.47,29.65, 29.18 , 28.83 , 28.55 , 28.77 , 28.46 , 28.24 , 28.21 , 28.32 , 28.13 , 27.90 
경북,울진군,,47930,67.04,66.41,64.21,61.71,59.24,57.34,55.69, 54.56 , 53.63 , 53.11 , 53.00 , 52.62 , 52.40 , 52.51 , 52.66 , 52.44 , 52.28 
경북,울릉군,,47940,141.13,136.99,132.10,127.02,126.27,130.99,140.54, 139.04 , 139.48 , 141.65 , 146.88 , 147.43 , 146.48 , 144.44 , 140.87 , 139.34 , 137.24 
경남,창원시,의창구,48121,1230.49,1240.59,1215.95,1208.33,1200.57,1194.32,1192.80," 1,192.92 "," 1,191.95 "," 1,190.07 "," 1,191.42 "," 1,204.70 "," 1,209.26 "," 1,211.26 "," 1,222.93 "," 1,214.50 "," 1,195.53 "
경남,창원시,성산구,48123,3166.06,3192.07,3128.68,3109.07,3089.10,3073.01,3069.12," 3,069.41 "," 3,066.90 "," 3,062.09 "," 3,058.55 "," 3,016.50 "," 3,005.31 "," 2,955.65 "," 2,900.46 "," 2,851.61 "," 2,816.32 "
경남,창원시,마산합포구,48125,900.45,901.52,901.03,894.19,889.26,884.62,877.89, 865.45 , 855.61 , 845.68 , 776.02 , 776.10 , 772.41 , 761.97 , 757.23 , 753.71 , 754.24 
경남,창원시,마산회원구,48127,2388.01,2390.86,2389.58,2371.40,2358.36,2346.05,2328.20," 2,295.20 "," 2,269.10 "," 2,540.84 "," 2,485.95 "," 2,464.46 "," 2,444.07 "," 2,423.87 "," 2,365.72 "," 2,338.08 "," 2,327.02 "
경남,창원시,진해구,48129,1198.18,1205.83,1261.23,1338.77,1342.59,1387.78,1418.82," 1,431.98 "," 1,403.59 "," 1,425.81 "," 1,463.72 "," 1,487.38 "," 1,504.15 "," 1,486.47 "," 1,483.49 "," 1,513.94 "," 1,526.81 "
경남,진주시,,48170,479.52,476.98,477.03,473.36,473.50,471.67,467.91, 463.99 , 464.65 , 465.35 , 470.02 , 470.58 , 473.13 , 472.78 , 477.22 , 483.09 , 486.34 
경남,통영시,,48220,578.68,572.47,566.28,562.74,560.71,558.01,559.22, 563.20 , 570.73 , 575.42 , 587.40 , 586.18 , 582.50 , 584.06 , 582.11 , 580.44 , 576.11 
경남,사천시,,48240,300.86,300.65,294.92,288.56,283.82,280.38,282.88, 282.51 , 283.32 , 283.04 , 286.62 , 286.33 , 289.30 , 293.16 , 292.23 , 289.63 , 288.26 
경남,김해시,,48250,741.74,763.67,842.52,879.35,922.52,956.10,979.29," 1,003.53 "," 1,030.86 "," 1,062.89 "," 1,086.55 "," 1,095.61 "," 1,109.01 "," 1,126.66 "," 1,137.86 "," 1,141.38 "," 1,142.58 "
경남,밀양시,,48270,155.91,153.95,150.61,147.35,144.52,142.31,140.28, 139.59 , 138.82 , 137.95 , 138.35 , 136.90 , 136.19 , 135.67 , 134.94 , 135.10 , 135.67 
경남,거제시,,48310,437.50,447.12,454.31,464.71,474.52,487.26,501.61, 518.46 , 540.79 , 561.56 , 568.58 , 579.06 , 589.36 , 602.10 , 617.38 , 635.91 , 638.74 
경남,양산시,,48330,399.76,414.50,425.39,434.64,441.47,459.26,467.43, 478.82 , 501.52 , 516.09 , 536.33 , 549.07 , 557.25 , 576.01 , 602.28 , 620.66 , 653.08 
경남,의령군,,48720,71.42,69.35,67.82,67.85,67.03,64.40,65.49, 65.06 , 63.64 , 63.15 , 62.46 , 62.22 , 62.80 , 60.92 , 60.49 , 59.11 , 58.22 
경남,함안군,,48730,155.60,156.84,154.31,152.21,148.96,147.25,152.25, 155.62 , 158.47 , 159.75 , 161.22 , 160.65 , 161.74 , 162.41 , 164.99 , 166.00 , 165.48 
경남,창녕군,,48740,136.97,133.27,129.85,126.31,123.98,121.36,119.13, 116.84 , 115.64 , 114.97 , 115.83 , 117.29 , 118.18 , 119.08 , 119.17 , 119.76 , 120.07 
경남,고성군,,48820,122.77,120.14,116.80,113.44,111.04,108.69,106.97, 107.12 , 108.19 , 110.38 , 110.64 , 110.70 , 109.92 , 108.89 , 108.01 , 106.79 , 105.62 
경남,남해군,,48840,167.25,162.02,156.49,152.11,148.56,144.92,142.02, 153.85 , 141.77 , 140.51 , 137.96 , 140.52 , 134.87 , 132.14 , 130.45 , 128.28 , 126.21 
경남,하동군,,48850,88.17,89.26,84.05,85.87,81.24,78.65,78.32, 82.23 , 79.25 , 77.02 , 76.28 , 79.94 , 75.24 , 74.28 , 72.87 , 74.39 , 73.45 
경남,산청군,,48860,51.59,50.17,48.74,47.55,46.37,45.68,44.93, 44.39 , 44.10 , 43.94 , 44.78 , 44.85 , 44.90 , 45.21 , 45.10 , 45.38 , 45.42 
경남,함양군,,48870,63.96,62.32,60.66,58.97,57.82,57.29,56.78, 56.05 , 55.80 , 56.05 , 56.83 , 56.67 , 56.12 , 56.09 , 55.94 , 55.60 , 55.47 
경남,거창군,,48880,86.74,85.28,83.60,82.53,81.60,80.50,79.49, 79.57 , 78.69 , 78.58 , 78.88 , 78.62 , 78.57 , 78.66 , 78.61 , 78.73 , 78.82 
경남,합천군,,48890,62.29,60.60,58.62,61.17,58.89,59.14,56.03, 56.38 , 56.61 , 53.86 , 51.95 , 51.46 , 51.12 , 51.13 , 51.30 , 49.97 , 48.83 
제주,제주시,,50110,1090.73,1113.58,1134.61,1143.21,1158.80,1188.07,412.78, 414.67 ," 1,148.43 ", 419.64 , 426.94 , 432.19 , 439.17 , 447.87 , 458.78 , 470.03 , 481.04 
제주,서귀포시,,50130,336.14,334.41,332.33,327.12,328.64,325.72,177.90, 176.65 , 504.85 , 174.88 , 176.51 , 176.09 , 176.88 , 178.71 , 182.04 , 188.94 , 196.31 
