CODE,NAME,month,2001,2002,2003,2004,2005,2006,2007,2008,2009,2010,2011,2012,2013,2014,2015,2016
105,강릉,1,2,1,0,0,0,0,0,0,0,0,0,0,0,0,0,0
201,강화,1,1,1,0,0,0,0,0,0,0,0,0,0,0,0,0,0
294,거제,1,1,0,0,0,0,0,0,0,0,0,0,0,0,0,0,0
185,고산,1,1,0,0,0,0,0,0,0,0,1,0,0,0,0,0,0
251,고창군,1,0,0,0,0,0,0,0,0,0,1,0,0,0,0,0,0
156,광주,1,1,2,0,0,0,0,0,0,0,1,0,0,0,0,0,0
279,구미,1,1,0,0,0,0,0,0,0,0,0,0,0,0,0,0,0
140,군산,1,1,1,0,0,0,0,0,0,0,1,0,0,0,0,0,0
238,금산,1,1,0,0,0,0,0,0,0,0,0,0,0,0,0,0,0
247,남원,1,0,0,0,0,0,0,0,0,0,1,0,0,0,0,0,0
295,남해,1,1,0,0,0,0,0,0,0,0,0,0,0,0,0,0,0
100,대관령,1,2,0,0,0,0,0,0,0,0,0,0,0,0,0,0,0
143,대구,1,1,0,0,0,0,0,0,0,0,0,0,0,0,0,0,0
133,대전,1,1,1,0,0,0,0,0,0,0,1,0,0,0,0,0,0
98,동두천,1,1,1,0,0,0,0,0,0,0,1,0,0,0,0,0,0
106,동해,1,2,2,0,0,0,0,0,0,0,0,0,0,0,0,0,0
165,목포,1,1,1,0,0,0,0,0,0,0,1,0,0,0,0,0,0
102,백령도,1,1,0,0,0,0,1,0,0,0,1,0,0,0,0,0,0
235,보령,1,1,0,0,0,0,0,0,0,0,1,0,0,0,0,0,0
159,부산,1,2,0,0,0,0,0,0,0,0,0,0,0,0,0,0,0
189,서귀포,1,1,0,0,0,0,0,0,0,0,1,0,0,0,0,0,0
129,서산,1,1,1,0,0,0,0,0,0,0,1,0,0,0,0,0,0
108,서울,1,1,2,0,0,0,0,0,0,0,1,0,0,0,0,0,0
188,성산,1,0,0,0,0,0,0,0,0,0,1,0,0,0,0,0,0
90,속초,1,2,2,0,0,0,0,0,0,0,0,0,0,0,0,0,0
119,수원,1,1,2,0,0,0,0,0,0,0,1,0,0,0,0,0,0
136,안동,1,1,0,0,0,0,0,0,0,0,0,0,0,0,0,0,0
168,여수,1,1,0,0,0,0,0,0,0,0,0,0,0,0,0,0,0
277,영덕,1,1,0,0,0,0,0,0,0,0,0,0,0,0,0,0,0
121,영월,1,2,2,0,0,0,0,0,0,0,0,0,0,0,0,0,0
281,영천,1,1,0,0,0,0,0,0,0,0,0,0,0,0,0,0,0
170,완도,1,1,0,0,0,0,0,0,0,0,0,0,0,0,0,0,0
115,울릉도,1,2,0,0,0,0,0,0,0,0,0,0,0,0,0,0,0
152,울산,1,1,0,0,0,0,0,0,0,0,0,0,0,0,0,0,0
130,울진,1,1,0,0,0,0,0,0,0,0,0,0,0,0,0,0,0
114,원주,1,1,2,0,0,0,0,0,0,0,0,0,0,0,0,0,0
203,이천,1,0,0,0,0,0,0,0,0,0,1,0,0,0,0,0,0
112,인천,1,1,1,0,0,0,0,0,0,0,1,0,0,0,0,0,0
146,전주,1,2,1,0,0,0,0,0,0,0,1,0,0,0,0,0,0
245,정읍,1,0,0,0,0,0,0,0,0,0,1,0,0,0,0,0,0
184,제주,1,1,0,0,0,0,0,0,0,0,1,0,0,0,0,0,0
192,진주,1,1,0,0,0,0,0,0,0,0,0,0,0,0,0,0,0
155,창원,1,1,0,0,0,0,0,0,0,0,0,0,0,0,0,0,0
232,천안,1,0,0,0,0,0,0,0,0,0,1,0,0,0,0,0,0
95,철원,1,1,1,0,0,0,0,0,0,0,0,0,0,0,0,0,0
131,청주,1,1,2,0,0,0,0,0,0,0,1,0,0,0,0,0,0
135,추풍령,1,1,1,0,0,0,0,0,0,0,1,0,0,0,0,0,0
101,춘천,1,2,1,0,0,0,0,0,0,0,0,0,0,0,0,0,0
127,충주,1,1,1,0,0,0,0,0,0,0,1,0,0,0,0,0,0
162,통영,1,1,0,0,0,0,0,0,0,0,0,0,0,0,0,0,0
99,파주,1,0,1,0,0,0,0,0,0,0,1,0,0,0,0,0,0
138,포항,1,1,0,0,0,0,0,0,0,0,0,0,0,0,0,0,0
169,흑산도,1,1,2,0,0,0,0,0,0,0,1,0,0,0,0,0,0
294,거제,2,0,0,0,1,0,0,0,0,0,0,0,0,0,0,0,0
284,거창,2,0,0,0,0,0,0,0,0,1,0,0,0,0,0,0,0
185,고산,2,0,0,0,2,0,0,1,0,1,0,0,0,0,0,0,0
251,고창군,2,0,0,0,0,0,0,0,0,1,0,0,0,0,0,0,0
156,광주,2,0,0,0,3,0,0,1,1,1,0,0,0,0,0,0,0
279,구미,2,0,0,0,0,0,0,0,0,1,0,0,0,0,0,0,0
140,군산,2,0,0,0,3,0,0,0,2,1,0,0,0,0,0,0,0
247,남원,2,0,0,0,0,0,0,0,0,1,0,0,0,0,0,0,0
100,대관령,2,0,0,0,0,0,0,0,0,1,0,0,0,0,0,0,0
143,대구,2,0,0,0,1,0,0,0,0,1,0,0,0,0,0,0,0
133,대전,2,0,0,0,3,0,0,0,2,1,0,0,0,0,0,0,0
98,동두천,2,0,0,0,1,0,0,1,1,1,0,0,0,0,0,0,0
106,동해,2,0,0,0,0,0,0,0,0,1,0,0,0,0,0,0,0
165,목포,2,0,0,0,3,0,0,0,1,1,0,0,0,0,0,0,0
102,백령도,2,0,0,0,1,0,0,1,2,1,0,0,0,0,0,0,0
235,보령,2,0,0,0,0,0,0,0,0,1,0,0,0,0,0,0,0
159,부산,2,0,0,0,1,0,0,0,0,1,0,0,0,0,0,0,0
104,북강릉,2,0,0,0,0,0,0,0,0,1,0,0,0,0,0,0,0
137,상주,2,0,0,0,2,0,0,0,0,1,0,0,0,0,0,0,0
189,서귀포,2,0,0,0,2,0,0,1,0,1,0,0,0,0,0,0,0
129,서산,2,0,0,0,2,0,0,0,2,1,0,0,0,0,0,0,0
108,서울,2,0,0,0,1,0,0,1,1,1,0,0,0,0,0,0,0
188,성산,2,0,0,0,0,0,0,0,0,1,0,0,0,0,0,0,0
90,속초,2,0,0,0,0,0,0,1,0,1,0,0,0,0,0,0,0
119,수원,2,0,0,0,1,0,0,1,1,1,0,0,0,0,0,0,0
136,안동,2,0,0,0,2,0,0,0,0,1,0,0,0,0,0,0,0
168,여수,2,0,0,0,1,0,0,0,0,1,0,0,0,0,0,0,0
121,영월,2,0,0,0,1,0,0,0,1,1,0,0,0,0,0,0,0
170,완도,2,0,0,0,1,0,0,0,0,1,0,0,0,0,0,0,0
115,울릉도,2,0,0,0,0,0,0,0,0,1,0,0,0,0,0,0,0
152,울산,2,0,0,0,0,0,0,0,0,1,0,0,0,0,0,0,0
130,울진,2,0,0,0,1,0,0,0,0,1,0,0,0,0,0,0,0
114,원주,2,0,0,0,1,0,0,0,1,1,0,0,0,0,0,0,0
203,이천,2,0,0,0,0,0,0,0,0,1,0,0,0,0,0,0,0
112,인천,2,0,0,0,1,0,0,0,1,1,0,0,0,0,0,0,0
146,전주,2,0,0,0,3,0,0,0,2,1,0,0,0,0,0,0,0
245,정읍,2,0,0,0,0,0,0,0,0,1,0,0,0,0,0,0,0
184,제주,2,0,0,0,2,0,0,1,0,1,0,0,0,0,0,0,0
175,진도(첨찰산),2,0,0,0,2,0,0,0,1,1,0,0,0,0,0,0,0
192,진주,2,0,0,0,1,0,0,0,0,1,0,0,0,0,0,0,0
155,창원,2,0,0,0,1,0,0,0,0,1,0,0,0,0,0,0,0
232,천안,2,0,0,0,0,0,0,0,0,1,0,0,0,0,0,0,0
95,철원,2,0,0,0,0,0,0,1,1,1,0,0,0,0,0,0,0
131,청주,2,0,0,0,3,0,0,0,1,1,0,0,0,0,0,0,0
135,추풍령,2,0,0,0,3,0,0,0,2,1,0,0,0,0,0,0,0
101,춘천,2,0,0,0,0,0,0,1,1,1,0,0,0,0,0,0,0
127,충주,2,0,0,0,3,0,0,0,1,1,0,0,0,0,0,0,0
162,통영,2,0,0,0,1,0,0,0,0,1,0,0,0,0,0,0,0
99,파주,2,0,0,0,1,0,0,1,1,1,0,0,0,0,0,0,0
138,포항,2,0,0,0,1,0,0,0,0,1,0,0,0,0,0,0,0
285,합천,2,0,0,0,1,0,0,0,0,0,0,0,0,0,0,0,0
169,흑산도,2,0,0,0,3,0,0,1,1,1,0,0,0,0,0,0,0
105,강릉,3,9,7,1,4,0,5,4,0,0,0,0,0,0,0,0,0
201,강화,3,10,6,1,0,0,0,0,0,0,0,0,0,0,0,0,0
294,거제,3,5,5,0,3,0,1,0,0,0,0,0,0,0,0,0,0
284,거창,3,2,0,1,0,1,2,0,0,2,6,0,0,0,0,0,0
185,고산,3,11,6,1,3,1,2,1,2,0,4,0,0,0,0,0,0
251,고창군,3,0,0,0,0,0,0,0,0,2,5,0,0,0,0,0,0
156,광주,3,10,6,1,3,1,5,3,2,2,6,0,0,0,0,0,0
279,구미,3,7,5,0,0,0,0,0,0,3,7,0,0,0,0,0,0
140,군산,3,11,6,1,4,1,3,4,3,2,4,0,0,0,0,0,0
238,금산,3,0,6,0,0,0,0,0,0,0,0,0,0,0,0,0,0
247,남원,3,0,0,0,0,0,0,0,0,2,5,0,0,0,0,0,0
295,남해,3,5,5,1,2,0,0,0,0,0,0,0,0,0,0,0,0
100,대관령,3,8,6,1,4,1,4,4,0,3,6,0,0,0,0,0,0
143,대구,3,9,5,1,3,1,4,4,2,3,7,0,0,0,0,0,0
133,대전,3,11,7,1,5,1,2,4,3,2,4,0,0,0,0,0,0
98,동두천,3,11,9,1,4,1,5,4,3,3,4,0,0,0,0,0,0
106,동해,3,9,6,0,4,0,5,3,0,3,7,0,0,0,0,0,0
165,목포,3,8,6,1,4,1,4,3,2,2,5,0,0,0,0,0,0
288,밀양,3,4,2,0,0,0,1,0,0,0,0,0,0,0,0,0,0
102,백령도,3,12,9,0,5,1,6,3,2,3,4,0,0,0,0,0,0
235,보령,3,0,0,0,0,0,0,0,0,2,4,0,0,0,0,0,0
159,부산,3,7,5,0,3,0,4,1,2,2,4,0,0,0,0,0,0
104,북강릉,3,0,0,0,0,0,0,0,0,3,7,0,0,0,0,0,0
289,산청,3,8,4,1,2,0,0,0,0,0,0,0,0,0,0,0,0
137,상주,3,0,6,1,3,1,5,4,2,3,7,0,0,0,0,0,0
189,서귀포,3,11,6,0,3,1,3,1,2,0,4,0,0,0,0,0,0
129,서산,3,11,7,1,5,1,4,4,3,2,4,0,0,0,0,0,0
108,서울,3,11,6,1,4,1,3,4,3,3,4,0,0,0,0,0,0
188,성산,3,0,0,0,0,0,0,0,2,0,4,0,0,0,0,0,0
90,속초,3,10,7,0,4,0,5,4,1,3,7,0,0,0,0,0,0
119,수원,3,11,8,1,4,1,3,4,3,2,4,0,0,0,0,0,0
136,안동,3,10,6,1,3,1,5,4,2,3,7,0,0,0,0,0,0
168,여수,3,8,6,1,3,1,1,2,2,2,5,0,0,0,0,0,0
277,영덕,3,8,0,0,0,0,0,0,0,0,0,0,0,0,0,0,0
121,영월,3,11,6,1,4,1,5,4,1,2,7,0,0,0,0,0,0
281,영천,3,7,0,0,0,0,0,0,0,0,0,0,0,0,0,0,0
170,완도,3,8,6,1,4,1,2,3,2,2,5,0,0,0,0,0,0
115,울릉도,3,3,6,0,2,0,3,3,1,3,5,0,0,0,0,0,0
152,울산,3,8,5,1,3,0,4,1,2,2,4,0,0,0,0,0,0
130,울진,3,10,5,1,3,0,5,3,2,3,5,0,0,0,0,0,0
114,원주,3,11,6,1,4,1,4,4,1,3,7,0,0,0,0,0,0
203,이천,3,0,0,0,0,0,0,0,0,2,5,0,0,0,0,0,0
112,인천,3,12,8,1,4,1,3,4,3,2,4,0,0,0,0,0,0
146,전주,3,10,6,1,4,1,4,4,3,2,6,0,0,0,0,0,0
245,정읍,3,0,0,0,0,0,0,0,0,2,4,0,0,0,0,0,0
184,제주,3,11,6,1,3,1,2,1,2,0,4,0,0,0,0,0,0
175,진도(첨찰산),3,0,6,1,4,1,2,3,2,2,6,0,0,0,0,0,0
192,진주,3,8,5,1,2,1,4,1,2,2,5,0,0,0,0,0,0
155,창원,3,8,5,1,3,0,4,1,2,2,3,0,0,0,0,0,0
232,천안,3,0,0,1,4,1,0,0,0,2,5,0,0,0,0,0,0
95,철원,3,12,7,1,4,1,5,4,1,2,3,0,0,0,0,0,0
131,청주,3,11,7,1,5,1,4,4,3,2,6,0,0,0,0,0,0
135,추풍령,3,10,7,1,5,1,4,4,3,3,7,0,0,0,0,0,0
101,춘천,3,13,6,1,4,1,6,4,1,3,4,0,0,0,0,0,0
127,충주,3,11,7,1,5,1,4,4,3,2,6,0,0,0,0,0,0
162,통영,3,8,5,1,2,0,4,1,2,2,3,0,0,0,0,0,0
99,파주,3,0,8,1,4,1,5,4,3,3,4,0,0,0,0,0,0
138,포항,3,9,6,1,3,0,4,2,2,3,4,0,0,0,0,0,0
285,합천,3,7,2,1,2,0,2,0,0,0,0,0,0,0,0,0,0
212,홍천,3,0,3,0,0,0,0,0,0,0,0,0,0,0,0,0,0
169,흑산도,3,8,6,1,4,1,3,3,5,2,5,0,0,0,0,0,0
105,강릉,4,7,4,2,1,5,7,2,0,0,0,0,0,0,0,0,0
201,강화,4,8,5,0,0,0,0,0,0,0,0,0,0,0,0,0,0
294,거제,4,3,4,0,1,1,1,0,0,0,0,0,0,0,0,0,0
284,거창,4,0,0,0,0,1,4,0,0,0,0,0,0,0,0,0,0
185,고산,4,7,4,1,1,3,6,2,0,0,1,0,0,0,0,0,0
156,광주,4,7,4,0,1,5,8,2,0,0,0,0,0,0,0,0,0
279,구미,4,5,3,0,0,0,0,0,0,1,1,0,0,0,0,0,0
140,군산,4,8,4,0,1,5,5,2,0,0,0,0,0,0,0,0,0
238,금산,4,0,4,0,0,0,0,0,0,0,0,0,0,0,0,0,0
295,남해,4,3,5,0,1,0,0,0,0,0,0,0,0,0,0,0,0
100,대관령,4,6,4,2,1,7,8,2,0,1,0,0,0,0,0,0,0
143,대구,4,6,5,1,1,2,6,2,0,1,2,0,0,0,0,0,0
133,대전,4,6,5,1,1,4,5,2,0,0,2,0,0,0,0,0,0
98,동두천,4,9,6,2,1,8,7,3,2,0,0,0,0,0,0,0,0
106,동해,4,7,4,2,1,5,7,2,0,0,0,0,0,0,0,0,0
165,목포,4,5,4,0,1,4,6,2,0,0,0,0,0,0,0,0,0
288,밀양,4,2,4,0,0,0,1,0,0,0,0,0,0,0,0,0,0
102,백령도,4,8,8,2,1,10,8,3,2,0,2,0,0,0,0,0,0
159,부산,4,7,5,0,1,1,5,2,0,1,1,0,0,0,0,0,0
289,산청,4,6,4,0,1,0,0,0,0,0,0,0,0,0,0,0,0
137,상주,4,0,4,1,1,3,6,2,0,1,2,0,0,0,0,0,0
189,서귀포,4,7,4,1,1,3,6,2,0,0,1,0,0,0,0,0,0
129,서산,4,8,5,1,1,5,5,2,0,0,1,0,0,0,0,0,0
108,서울,4,9,6,2,1,9,7,2,2,0,1,0,0,0,0,0,0
188,성산,4,0,0,0,0,0,0,2,0,0,1,0,0,0,0,0,0
90,속초,4,3,4,2,1,4,7,2,1,0,1,0,0,0,0,0,0
119,수원,4,9,6,2,1,9,7,2,2,0,1,0,0,0,0,0,0
136,안동,4,6,5,2,1,3,6,2,0,1,2,0,0,0,0,0,0
168,여수,4,5,4,0,1,1,5,2,0,0,1,0,0,0,0,0,0
277,영덕,4,7,0,0,0,0,0,0,0,0,0,0,0,0,0,0,0
121,영월,4,8,4,2,1,7,7,2,0,1,2,0,0,0,0,0,0
281,영천,4,5,0,0,0,0,0,0,0,0,0,0,0,0,0,0,0
170,완도,4,7,4,0,1,4,6,2,0,0,1,0,0,0,0,0,0
115,울릉도,4,4,4,1,1,3,6,2,0,0,0,0,0,0,0,0,0
152,울산,4,6,4,2,1,1,6,2,0,1,2,0,0,0,0,0,0
130,울진,4,7,6,2,1,3,6,2,0,0,2,0,0,0,0,0,0
114,원주,4,8,4,2,1,7,7,2,0,0,0,0,0,0,0,0,0
112,인천,4,10,6,2,1,9,7,2,2,0,1,0,0,0,0,0,0
146,전주,4,6,4,0,1,5,4,2,0,0,0,0,0,0,0,0,0
184,제주,4,7,4,1,1,3,6,2,0,0,1,0,0,0,0,0,0
175,진도(첨찰산),4,0,4,0,1,4,6,2,0,0,1,0,0,0,0,0,0
192,진주,4,8,5,2,1,2,5,2,0,1,1,0,0,0,0,0,0
155,창원,4,7,5,0,1,1,5,2,0,1,1,0,0,0,0,0,0
232,천안,4,0,0,0,0,2,2,0,0,0,0,0,0,0,0,0,0
95,철원,4,9,6,2,1,7,8,3,1,0,1,0,0,0,0,0,0
131,청주,4,6,5,1,1,4,5,2,0,0,0,0,0,0,0,0,0
135,추풍령,4,6,5,1,1,2,6,2,0,1,2,0,0,0,0,0,0
101,춘천,4,8,4,2,1,8,6,3,0,0,0,0,0,0,0,0,0
127,충주,4,7,5,1,1,4,5,2,0,0,2,0,0,0,0,0,0
162,통영,4,6,4,0,1,1,5,2,0,1,1,0,0,0,0,0,0
99,파주,4,0,6,2,1,9,7,2,2,0,1,0,0,0,0,0,0
138,포항,4,6,4,1,1,2,6,2,0,1,2,0,0,0,0,0,0
285,합천,4,2,3,0,1,1,3,0,0,0,0,0,0,0,0,0,0
212,홍천,4,0,2,0,0,0,0,0,0,0,0,0,0,0,0,0,0
169,흑산도,4,7,4,1,1,6,7,2,0,0,1,0,0,0,0,0,0
105,강릉,5,4,0,0,0,0,1,4,0,0,0,0,0,0,0,0,0
201,강화,5,4,0,0,0,0,0,0,0,0,0,0,0,0,0,0,0
294,거제,5,2,0,0,0,0,0,0,0,0,0,0,0,0,0,0,0
185,고산,5,3,0,0,2,0,0,2,0,0,1,0,0,0,0,0,0
251,고창군,5,0,0,0,0,0,0,0,0,0,2,0,0,0,0,0,0
156,광주,5,2,0,0,1,0,0,2,2,0,3,0,0,0,0,0,0
279,구미,5,4,0,0,0,0,0,0,0,0,1,0,0,0,0,0,0
140,군산,5,4,0,0,1,0,1,3,1,0,1,0,0,0,0,0,0
247,남원,5,0,0,0,0,0,0,0,0,0,1,0,0,0,0,0,0
100,대관령,5,4,0,0,0,0,1,4,2,0,0,0,0,0,0,0,0
143,대구,5,4,0,0,1,0,1,2,2,0,1,0,0,0,0,0,0
133,대전,5,4,0,0,1,0,1,3,2,0,2,0,0,0,0,0,0
98,동두천,5,4,0,0,0,0,1,4,3,0,1,0,0,0,0,0,0
106,동해,5,4,0,0,0,0,1,4,0,0,0,0,0,0,0,0,0
165,목포,5,2,0,0,1,0,0,2,2,0,1,0,0,0,0,0,0
288,밀양,5,1,0,0,0,0,0,0,0,0,0,0,0,0,0,0,0
102,백령도,5,4,0,0,1,1,1,7,4,1,1,0,0,0,0,0,0
159,부산,5,4,0,0,0,0,1,2,2,0,0,0,0,0,0,0,0
289,산청,5,2,0,0,0,0,0,0,0,0,0,0,0,0,0,0,0
137,상주,5,0,0,0,1,0,1,3,2,0,1,0,0,0,0,0,0
189,서귀포,5,3,0,0,2,0,0,2,0,0,1,0,0,0,0,0,0
129,서산,5,4,0,0,1,0,1,3,1,0,0,0,0,0,0,0,0
108,서울,5,4,0,0,0,0,1,4,2,0,2,0,0,0,0,0,0
188,성산,5,0,0,0,0,0,0,2,0,0,1,0,0,0,0,0,0
90,속초,5,3,0,0,0,0,1,3,1,0,0,0,0,0,0,0,0
119,수원,5,4,0,0,0,0,1,4,1,0,0,0,0,0,0,0,0
136,안동,5,4,0,0,1,0,1,2,2,0,1,0,0,0,0,0,0
168,여수,5,2,0,0,1,0,0,2,2,0,1,0,0,0,0,0,0
277,영덕,5,3,0,0,0,0,0,0,0,0,0,0,0,0,0,0,0
121,영월,5,4,0,0,1,0,1,5,2,0,0,0,0,0,0,0,0
170,완도,5,2,0,0,1,0,0,2,2,0,1,0,0,0,0,0,0
115,울릉도,5,2,0,0,0,0,1,2,0,0,0,0,0,0,0,0,0
152,울산,5,4,0,0,0,0,1,2,2,0,0,0,0,0,0,0,0
130,울진,5,3,0,0,0,0,1,2,1,0,0,0,0,0,0,0,0
114,원주,5,4,0,0,1,0,1,3,2,0,0,0,0,0,0,0,0
203,이천,5,0,0,0,0,0,0,0,0,0,1,0,0,0,0,0,0
112,인천,5,4,0,0,0,0,1,4,1,0,1,0,0,0,0,0,0
146,전주,5,4,0,0,1,0,0,3,1,0,1,0,0,0,0,0,0
245,정읍,5,0,0,0,0,0,0,0,0,0,1,0,0,0,0,0,0
184,제주,5,3,0,0,2,0,0,2,0,0,1,0,0,0,0,0,0
175,진도(첨찰산),5,0,0,0,1,0,0,3,1,1,2,0,0,0,0,0,0
192,진주,5,4,0,0,0,0,0,2,2,0,1,0,0,0,0,0,0
155,창원,5,3,0,0,0,0,0,2,2,0,0,0,0,0,0,0,0
232,천안,5,0,0,0,0,0,1,0,0,0,1,0,0,0,0,0,0
95,철원,5,4,0,0,0,0,1,4,3,0,2,0,0,0,0,0,0
131,청주,5,4,0,0,1,0,1,3,2,0,2,0,0,0,0,0,0
135,추풍령,5,4,0,0,1,0,1,3,2,0,2,0,0,0,0,0,0
101,춘천,5,4,0,0,0,0,1,4,3,0,1,0,0,0,0,0,0
127,충주,5,4,0,0,1,0,1,4,2,0,1,0,0,0,0,0,0
162,통영,5,3,0,0,0,0,0,2,2,0,0,0,0,0,0,0,0
99,파주,5,0,0,0,1,0,1,4,4,0,1,0,0,0,0,0,0
138,포항,5,4,0,0,0,0,1,2,2,0,0,0,0,0,0,0,0
285,합천,5,3,0,0,0,0,0,0,0,0,0,0,0,0,0,0,0
169,흑산도,5,2,0,0,1,1,0,3,1,0,2,0,0,0,0,0,0
100,대관령,9,0,0,0,0,0,0,0,0,1,0,0,0,0,0,0,0
98,동두천,9,0,0,0,0,0,0,0,0,1,0,0,0,0,0,0,0
106,동해,9,0,0,0,0,0,0,0,0,1,0,0,0,0,0,0,0
102,백령도,9,0,0,0,0,0,0,0,0,2,0,0,0,0,0,0,0
104,북강릉,9,0,0,0,0,0,0,0,0,2,0,0,0,0,0,0,0
129,서산,9,0,0,0,0,0,0,0,0,2,0,0,0,0,0,0,0
108,서울,9,0,0,0,0,0,0,0,0,1,0,0,0,0,0,0,0
90,속초,9,0,0,0,0,0,0,0,0,2,0,0,0,0,0,0,0
119,수원,9,0,0,0,0,0,0,0,0,2,0,0,0,0,0,0,0
130,울진,9,0,0,0,0,0,0,0,0,1,0,0,0,0,0,0,0
112,인천,9,0,0,0,0,0,0,0,0,1,0,0,0,0,0,0,0
232,천안,9,0,0,0,0,0,0,0,0,1,0,0,0,0,0,0,0
99,파주,9,0,0,0,0,0,0,0,0,1,0,0,0,0,0,0,0
185,고산,10,0,0,0,0,0,0,0,0,1,0,0,0,0,0,0,0
251,고창군,10,0,0,0,0,0,0,0,0,1,0,0,0,0,0,0,0
156,광주,10,0,0,0,0,0,0,0,0,1,0,0,0,0,0,0,0
140,군산,10,0,0,0,0,0,0,0,0,2,0,0,0,0,0,0,0
100,대관령,10,0,0,0,0,0,0,0,0,1,0,0,0,0,0,0,0
143,대구,10,0,0,0,0,0,0,0,0,1,0,0,0,0,0,0,0
98,동두천,10,0,0,0,0,0,0,0,0,1,0,0,0,0,0,0,0
165,목포,10,0,0,0,0,0,0,0,0,1,0,0,0,0,0,0,0
102,백령도,10,0,0,0,0,0,0,0,0,2,0,0,0,0,0,0,0
235,보령,10,0,0,0,0,0,0,0,0,1,0,0,0,0,0,0,0
159,부산,10,0,0,0,0,0,0,0,0,1,0,0,0,0,0,0,0
189,서귀포,10,0,0,0,0,0,0,0,0,1,0,0,0,0,0,0,0
129,서산,10,0,0,0,0,0,0,0,0,2,0,0,0,0,0,0,0
108,서울,10,0,0,0,0,0,0,0,0,1,0,0,0,0,0,0,0
188,성산,10,0,0,0,0,0,0,0,0,1,0,0,0,0,0,0,0
119,수원,10,0,0,0,0,0,0,0,0,1,0,0,0,0,0,0,0
168,여수,10,0,0,0,0,0,0,0,0,1,0,0,0,0,0,0,0
121,영월,10,0,0,0,0,0,0,0,0,1,0,0,0,0,0,0,0
170,완도,10,0,0,0,0,0,0,0,0,1,0,0,0,0,0,0,0
152,울산,10,0,0,0,0,0,0,0,0,1,0,0,0,0,0,0,0
114,원주,10,0,0,0,0,0,0,0,0,1,0,0,0,0,0,0,0
203,이천,10,0,0,0,0,0,0,0,0,1,0,0,0,0,0,0,0
112,인천,10,0,0,0,0,0,0,0,0,2,0,0,0,0,0,0,0
146,전주,10,0,0,0,0,0,0,0,0,1,0,0,0,0,0,0,0
245,정읍,10,0,0,0,0,0,0,0,0,1,0,0,0,0,0,0,0
184,제주,10,0,0,0,0,0,0,0,0,1,0,0,0,0,0,0,0
175,진도(첨찰산),10,0,0,0,0,0,0,0,0,1,0,0,0,0,0,0,0
192,진주,10,0,0,0,0,0,0,0,0,1,0,0,0,0,0,0,0
155,창원,10,0,0,0,0,0,0,0,0,1,0,0,0,0,0,0,0
232,천안,10,0,0,0,0,0,0,0,0,1,0,0,0,0,0,0,0
95,철원,10,0,0,0,0,0,0,0,0,1,0,0,0,0,0,0,0
131,청주,10,0,0,0,0,0,0,0,0,1,0,0,0,0,0,0,0
135,추풍령,10,0,0,0,0,0,0,0,0,2,0,0,0,0,0,0,0
101,춘천,10,0,0,0,0,0,0,0,0,1,0,0,0,0,0,0,0
127,충주,10,0,0,0,0,0,0,0,0,1,0,0,0,0,0,0,0
99,파주,10,0,0,0,0,0,0,0,0,1,0,0,0,0,0,0,0
169,흑산도,10,0,0,0,0,0,0,0,0,1,0,0,0,0,0,0,0
105,강릉,11,0,2,0,0,0,0,0,0,0,0,0,0,0,0,0,0
294,거제,11,0,1,0,0,1,0,0,0,0,0,0,0,0,0,0,0
284,거창,11,0,1,0,0,0,0,0,0,0,2,0,0,0,0,0,0
185,고산,11,0,2,0,0,3,0,0,0,0,3,0,0,0,0,0,0
251,고창군,11,0,0,0,0,0,0,0,0,0,2,0,0,0,0,0,0
156,광주,11,0,2,0,0,3,0,0,0,0,2,0,0,0,0,0,0
279,구미,11,0,0,0,0,0,0,0,0,0,2,0,0,0,0,0,0
140,군산,11,0,2,0,0,3,0,0,0,0,3,0,0,0,0,0,0
247,남원,11,0,0,0,0,0,0,0,0,0,2,0,0,0,0,0,0
295,남해,11,0,1,0,0,0,0,0,0,0,0,0,0,0,0,0,0
100,대관령,11,0,2,0,0,0,0,0,0,0,3,0,0,0,0,0,0
143,대구,11,0,2,0,0,2,0,0,0,0,3,0,0,0,0,0,0
133,대전,11,0,2,0,0,2,0,0,0,0,3,0,0,0,0,0,0
98,동두천,11,0,2,0,0,2,0,1,0,0,3,0,0,0,0,0,0
106,동해,11,0,2,0,0,0,0,0,0,0,2,0,0,0,0,0,0
165,목포,11,0,2,0,0,3,0,0,0,0,2,0,0,0,0,0,0
288,밀양,11,0,1,0,0,1,0,0,0,0,0,0,0,0,0,0,0
102,백령도,11,0,2,0,0,1,0,0,0,0,2,0,0,0,0,0,0
235,보령,11,0,0,0,0,0,0,0,0,0,3,0,0,0,0,0,0
159,부산,11,0,2,0,0,1,0,0,0,0,2,0,0,0,0,0,0
104,북강릉,11,0,0,0,0,0,0,0,0,0,2,0,0,0,0,0,0
289,산청,11,0,2,0,0,0,0,0,0,0,0,0,0,0,0,0,0
137,상주,11,0,2,0,0,2,0,0,0,0,2,0,0,0,0,0,0
189,서귀포,11,0,2,0,0,3,0,0,0,0,3,0,0,0,0,0,0
129,서산,11,0,2,0,0,2,0,0,0,0,3,0,0,0,0,0,0
108,서울,11,0,2,0,0,2,0,0,0,0,3,0,0,0,0,0,0
188,성산,11,0,0,0,0,0,0,0,0,0,3,0,0,0,0,0,0
90,속초,11,0,2,0,0,0,0,0,0,0,2,0,0,0,0,0,0
119,수원,11,0,2,0,0,2,0,0,0,0,3,0,0,0,0,0,0
136,안동,11,0,2,0,0,2,0,0,0,0,2,0,0,0,0,0,0
168,여수,11,0,2,0,0,2,0,0,0,0,2,0,0,0,0,0,0
121,영월,11,0,2,0,0,1,0,0,0,0,2,0,0,0,0,0,0
170,완도,11,0,2,0,0,2,0,0,0,0,2,0,0,0,0,0,0
115,울릉도,11,0,2,0,0,0,0,0,0,0,2,0,0,0,0,0,0
152,울산,11,0,2,0,0,1,0,0,0,0,2,0,0,0,0,0,0
130,울진,11,0,2,0,0,1,0,0,0,0,2,0,0,0,0,0,0
114,원주,11,0,2,0,0,2,0,0,0,0,2,0,0,0,0,0,0
203,이천,11,0,0,0,0,0,0,0,0,0,3,0,0,0,0,0,0
112,인천,11,0,2,0,0,2,0,1,0,0,3,0,0,0,0,0,0
146,전주,11,0,2,0,0,2,0,0,0,0,3,0,0,0,0,0,0
245,정읍,11,0,0,0,0,0,0,0,0,0,2,0,0,0,0,0,0
184,제주,11,0,2,0,0,3,0,0,0,0,3,0,0,0,0,0,0
175,진도(첨찰산),11,0,2,0,0,2,0,0,0,0,2,0,0,0,0,0,0
192,진주,11,0,2,0,0,1,0,0,0,0,2,0,0,0,0,0,0
155,창원,11,0,2,0,0,1,0,0,0,0,2,0,0,0,0,0,0
232,천안,11,0,2,0,0,0,0,0,0,0,3,0,0,0,0,0,0
95,철원,11,0,2,0,0,2,0,0,0,0,2,0,0,0,0,0,0
131,청주,11,0,2,0,0,2,0,0,0,0,3,0,0,0,0,0,0
135,추풍령,11,0,2,0,0,2,0,0,0,0,3,0,0,0,0,0,0
101,춘천,11,0,2,0,0,2,0,0,0,0,3,0,0,0,0,0,0
127,충주,11,0,2,0,0,2,0,0,0,0,2,0,0,0,0,0,0
162,통영,11,0,2,0,0,1,0,0,0,0,2,0,0,0,0,0,0
99,파주,11,0,2,0,0,2,0,1,0,0,3,0,0,0,0,0,0
138,포항,11,0,2,0,0,1,0,0,0,0,2,0,0,0,0,0,0
285,합천,11,0,2,0,0,0,0,0,0,0,0,0,0,0,0,0,0
169,흑산도,11,0,2,0,0,3,0,0,0,0,2,0,0,0,0,0,0
105,강릉,12,2,0,0,0,0,0,3,0,0,0,0,0,0,0,0,0
284,거창,12,0,0,0,0,0,0,0,1,3,2,0,0,0,0,0,0
185,고산,12,0,0,0,0,0,0,0,0,3,2,0,0,0,0,0,0
172,고창,12,0,0,0,0,0,0,0,0,0,3,0,0,0,0,0,0
251,고창군,12,0,0,0,0,0,0,0,1,3,0,0,0,0,0,0,0
156,광주,12,1,0,0,0,0,0,2,3,3,3,0,0,0,0,0,0
279,구미,12,0,0,0,0,0,0,0,2,3,2,0,0,0,0,0,0
140,군산,12,1,0,0,0,0,0,2,2,3,3,0,0,0,0,0,0
238,금산,12,1,0,0,0,0,0,0,0,0,0,0,0,0,0,0,0
247,남원,12,0,0,0,0,0,0,0,1,3,3,0,0,0,0,0,0
100,대관령,12,2,0,0,0,0,0,3,2,3,2,0,0,0,0,0,0
143,대구,12,2,0,0,0,0,0,1,2,3,2,0,0,0,0,0,0
133,대전,12,2,0,0,0,0,0,2,1,3,3,0,0,0,0,0,0
98,동두천,12,2,0,0,0,0,0,2,3,3,4,0,0,0,0,0,0
106,동해,12,2,0,0,0,0,0,3,2,3,2,0,0,0,0,0,0
165,목포,12,0,0,0,0,0,0,2,1,3,3,0,0,0,0,0,0
102,백령도,12,2,0,0,0,0,0,2,3,4,3,0,0,0,0,0,0
235,보령,12,0,0,0,0,0,0,0,1,3,4,0,0,0,0,0,0
159,부산,12,1,0,0,0,0,0,0,1,3,2,0,0,0,0,0,0
104,북강릉,12,0,0,0,0,0,0,0,2,3,2,0,0,0,0,0,0
289,산청,12,1,0,0,0,0,0,0,0,0,0,0,0,0,0,0,0
137,상주,12,0,0,0,0,0,0,1,2,3,2,0,0,0,0,0,0
189,서귀포,12,0,0,0,0,0,0,0,0,3,2,0,0,0,0,0,0
129,서산,12,2,0,0,0,0,0,2,2,3,4,0,0,0,0,0,0
108,서울,12,2,0,0,0,0,0,1,3,3,4,0,0,0,0,0,0
188,성산,12,0,0,0,0,0,0,0,0,3,2,0,0,0,0,0,0
90,속초,12,2,0,0,0,0,0,3,2,3,2,0,0,0,0,0,0
119,수원,12,2,0,0,0,0,0,2,2,3,4,0,0,0,0,0,0
136,안동,12,2,0,0,0,0,0,1,2,3,2,0,0,0,0,0,0
168,여수,12,0,0,0,0,0,0,1,1,3,2,0,0,0,0,0,0
121,영월,12,2,0,0,0,0,0,2,3,3,2,0,0,0,0,0,0
170,완도,12,0,0,0,0,0,0,2,0,3,3,0,0,0,0,0,0
115,울릉도,12,0,0,0,0,0,0,1,0,1,2,0,0,0,0,0,0
152,울산,12,0,0,0,0,0,0,0,1,3,2,0,0,0,0,0,0
130,울진,12,0,0,0,0,0,0,1,2,3,2,0,0,0,0,0,0
114,원주,12,2,0,0,0,0,0,2,2,3,3,0,0,0,0,0,0
203,이천,12,0,0,0,0,0,0,0,2,3,4,0,0,0,0,0,0
112,인천,12,2,0,0,0,0,0,2,2,3,4,0,0,0,0,0,0
146,전주,12,1,0,0,0,0,0,2,2,3,3,0,0,0,0,0,0
245,정읍,12,0,0,0,0,0,0,0,1,3,3,0,0,0,0,0,0
184,제주,12,0,0,0,0,0,0,0,0,3,2,0,0,0,0,0,0
175,진도(첨찰산),12,0,0,0,0,0,0,0,1,3,3,0,0,0,0,0,0
192,진주,12,1,0,0,0,0,0,0,1,2,2,0,0,0,0,0,0
155,창원,12,1,0,0,0,0,0,0,1,3,2,0,0,0,0,0,0
232,천안,12,1,0,0,0,0,0,0,1,3,3,0,0,0,0,0,0
95,철원,12,2,0,0,0,0,0,2,2,2,2,0,0,0,0,0,0
131,청주,12,2,0,0,0,0,0,2,1,3,3,0,0,0,0,0,0
135,추풍령,12,2,0,0,0,0,0,2,2,3,3,0,0,0,0,0,0
101,춘천,12,2,0,0,0,0,0,2,1,3,2,0,0,0,0,0,0
127,충주,12,2,0,0,0,0,0,2,1,3,3,0,0,0,0,0,0
162,통영,12,0,0,0,0,0,0,0,1,2,2,0,0,0,0,0,0
99,파주,12,0,0,0,0,0,0,2,2,3,4,0,0,0,0,0,0
138,포항,12,2,0,0,0,0,0,1,2,2,2,0,0,0,0,0,0
285,합천,12,1,0,0,0,0,0,0,0,0,0,0,0,0,0,0,0
169,흑산도,12,0,0,0,0,0,0,2,2,3,4,0,0,0,0,0,0
284,거창,1,0,0,0,0,0,0,0,0,0,0,0,0,0,1,0,0
185,고산,1,0,0,0,0,0,0,0,0,0,0,0,0,2,5,0,0
172,고창,1,0,0,0,0,0,0,0,0,0,0,0,0,0,2,0,0
156,광주,1,0,0,0,0,0,0,0,0,0,0,0,0,0,2,0,0
140,군산,1,0,0,0,0,0,0,0,0,0,0,0,0,0,3,0,0
133,대전,1,0,0,0,0,0,0,0,0,0,0,0,0,0,1,0,0
165,목포,1,0,0,0,0,0,0,0,0,0,0,0,0,1,2,0,0
102,백령도,1,0,0,0,0,0,0,0,0,0,0,0,0,0,2,0,0
235,보령,1,0,0,0,0,0,0,0,0,0,0,0,0,0,2,0,0
159,부산,1,0,0,0,0,0,0,0,0,0,0,0,0,1,3,0,0
189,서귀포,1,0,0,0,0,0,0,0,0,0,0,0,0,0,4,0,0
129,서산,1,0,0,0,0,0,0,0,0,0,0,0,0,0,2,0,0
108,서울,1,0,0,0,0,0,0,0,0,0,0,0,0,0,1,1,0
188,성산,1,0,0,0,0,0,0,0,0,0,0,0,0,0,4,0,0
119,수원,1,0,0,0,0,0,0,0,0,0,0,0,0,0,1,0,0
174,순천,1,0,0,0,0,0,0,0,0,0,0,0,0,0,1,0,0
168,여수,1,0,0,0,0,0,0,0,0,0,0,0,0,2,1,0,0
170,완도,1,0,0,0,0,0,0,0,0,0,0,0,0,0,1,0,0
152,울산,1,0,0,0,0,0,0,0,0,0,0,0,0,1,3,0,0
114,원주,1,0,0,0,0,0,0,0,0,0,0,0,0,0,1,0,0
112,인천,1,0,0,0,0,0,0,0,0,0,0,0,0,0,1,1,0
146,전주,1,0,0,0,0,0,0,0,0,0,0,0,0,0,2,0,0
184,제주,1,0,0,0,0,0,0,0,0,0,0,0,0,0,5,0,0
175,진도(첨찰산),1,0,0,0,0,0,0,0,0,0,0,0,0,2,3,0,0
192,진주,1,0,0,0,0,0,0,0,0,0,0,0,0,2,3,0,0
155,창원,1,0,0,0,0,0,0,0,0,0,0,0,0,0,1,0,0
232,천안,1,0,0,0,0,0,0,0,0,0,0,0,0,0,2,0,0
95,철원,1,0,0,0,0,0,0,0,0,0,0,0,0,0,1,0,0
131,청주,1,0,0,0,0,0,0,0,0,0,0,0,0,0,2,0,0
101,춘천,1,0,0,0,0,0,0,0,0,0,0,0,0,0,1,0,0
162,통영,1,0,0,0,0,0,0,0,0,0,0,0,0,0,2,0,0
169,흑산도,1,0,0,0,0,0,0,0,0,0,0,0,0,2,5,0,0
284,거창,2,0,0,0,0,0,0,0,0,0,0,0,0,0,0,2,0
185,고산,2,0,0,0,0,0,0,0,0,0,0,0,0,0,0,3,0
172,고창,2,0,0,0,0,0,0,0,0,0,0,0,0,0,0,2,0
156,광주,2,0,0,0,0,0,0,0,0,0,0,0,0,0,0,2,0
279,구미,2,0,0,0,0,0,0,0,0,0,0,0,0,0,0,2,0
140,군산,2,0,0,0,0,0,0,0,0,0,0,0,0,0,0,2,0
247,남원,2,0,0,0,0,0,0,0,0,0,0,0,0,0,0,2,0
100,대관령,2,0,0,0,0,0,0,0,0,0,0,0,0,0,0,3,0
133,대전,2,0,0,0,0,0,0,0,0,0,0,0,0,0,0,3,0
98,동두천,2,0,0,0,0,0,0,0,0,0,0,0,0,0,0,2,0
106,동해,2,0,0,0,0,0,0,0,0,0,0,0,0,0,0,3,0
165,목포,2,0,0,0,0,0,0,0,0,0,0,0,0,0,0,2,0
102,백령도,2,0,0,0,0,0,0,0,0,0,0,0,0,0,0,3,0
235,보령,2,0,0,0,0,0,0,0,0,0,0,0,0,0,0,2,0
159,부산,2,0,0,0,0,0,0,0,0,0,0,0,0,0,0,2,0
104,북강릉,2,0,0,0,0,0,0,0,0,0,0,0,0,0,0,3,0
137,상주,2,0,0,0,0,0,0,0,0,0,0,0,0,0,0,2,0
189,서귀포,2,0,0,0,0,0,0,0,0,0,0,0,0,0,0,3,0
129,서산,2,0,0,0,0,0,0,0,0,0,0,0,0,0,0,2,0
108,서울,2,0,0,0,0,0,0,0,0,0,0,0,0,0,1,4,0
188,성산,2,0,0,0,0,0,0,0,0,0,0,0,0,0,0,3,0
90,속초,2,0,0,0,0,0,0,0,0,0,0,0,0,0,0,3,0
119,수원,2,0,0,0,0,0,0,0,0,0,0,0,0,0,1,4,0
174,순천,2,0,0,0,0,0,0,0,0,0,0,0,0,0,0,2,0
136,안동,2,0,0,0,0,0,0,0,0,0,0,0,0,0,0,3,0
168,여수,2,0,0,0,0,0,0,0,0,0,0,0,0,0,0,2,0
121,영월,2,0,0,0,0,0,0,0,0,0,0,0,0,0,0,3,0
170,완도,2,0,0,0,0,0,0,0,0,0,0,0,0,0,0,2,0
115,울릉도,2,0,0,0,0,0,0,0,0,0,0,0,0,0,0,3,0
152,울산,2,0,0,0,0,0,0,0,0,0,0,0,0,0,0,2,0
130,울진,2,0,0,0,0,0,0,0,0,0,0,0,0,0,0,3,0
114,원주,2,0,0,0,0,0,0,0,0,0,0,0,0,0,0,3,0
203,이천,2,0,0,0,0,0,0,0,0,0,0,0,0,0,0,3,0
112,인천,2,0,0,0,0,0,0,0,0,0,0,0,0,0,0,4,0
146,전주,2,0,0,0,0,0,0,0,0,0,0,0,0,0,0,2,0
245,정읍,2,0,0,0,0,0,0,0,0,0,0,0,0,0,0,2,0
184,제주,2,0,0,0,0,0,0,0,0,0,0,0,0,0,0,3,0
175,진도(첨찰산),2,0,0,0,0,0,0,0,0,0,0,0,0,0,0,2,0
192,진주,2,0,0,0,0,0,0,0,0,0,0,0,0,0,0,2,0
155,창원,2,0,0,0,0,0,0,0,0,0,0,0,0,0,0,2,0
232,천안,2,0,0,0,0,0,0,0,0,0,0,0,0,0,0,3,0
95,철원,2,0,0,0,0,0,0,0,0,0,0,0,0,0,0,3,0
131,청주,2,0,0,0,0,0,0,0,0,0,0,0,0,0,0,3,0
135,추풍령,2,0,0,0,0,0,0,0,0,0,0,0,0,0,0,2,0
101,춘천,2,0,0,0,0,0,0,0,0,0,0,0,0,0,0,3,0
127,충주,2,0,0,0,0,0,0,0,0,0,0,0,0,0,0,3,0
162,통영,2,0,0,0,0,0,0,0,0,0,0,0,0,0,0,1,0
99,파주,2,0,0,0,0,0,0,0,0,0,0,0,0,0,0,2,0
138,포항,2,0,0,0,0,0,0,0,0,0,0,0,0,0,0,2,0
169,흑산도,2,0,0,0,0,0,0,0,0,0,0,0,0,0,0,2,0
284,거창,3,0,0,0,0,0,0,0,0,0,0,4,0,0,2,0,0
185,고산,3,0,0,0,0,0,0,0,0,0,0,2,2,3,2,5,0
172,고창,3,0,0,0,0,0,0,0,0,0,0,2,0,2,2,1,0
156,광주,3,0,0,0,0,0,0,0,0,0,0,2,0,3,2,6,0
140,군산,3,0,0,0,0,0,0,0,0,0,0,3,0,3,2,1,0
247,남원,3,0,0,0,0,0,0,0,0,0,0,0,0,0,0,1,0
100,대관령,3,0,0,0,0,0,0,0,0,0,0,4,1,0,1,1,0
143,대구,3,0,0,0,0,0,0,0,0,0,0,4,0,1,0,0,0
133,대전,3,0,0,0,0,0,0,0,0,0,0,3,0,0,2,7,0
98,동두천,3,0,0,0,0,0,0,0,0,0,0,3,0,0,0,1,0
106,동해,3,0,0,0,0,0,0,0,0,0,0,2,0,0,0,0,0
165,목포,3,0,0,0,0,0,0,0,0,0,0,1,0,3,2,4,0
102,백령도,3,0,0,0,0,0,0,0,0,0,0,4,0,3,1,5,2
235,보령,3,0,0,0,0,0,0,0,0,0,0,3,0,2,1,0,0
159,부산,3,0,0,0,0,0,0,0,0,0,0,1,0,0,1,2,0
104,북강릉,3,0,0,0,0,0,0,0,0,0,0,4,0,0,1,7,0
137,상주,3,0,0,0,0,0,0,0,0,0,0,2,0,0,0,0,0
189,서귀포,3,0,0,0,0,0,0,0,0,0,0,0,1,2,2,0,0
129,서산,3,0,0,0,0,0,0,0,0,0,0,3,0,2,2,6,1
108,서울,3,0,0,0,0,0,0,0,0,0,0,3,0,3,2,8,2
188,성산,3,0,0,0,0,0,0,0,0,0,0,0,1,2,2,0,0
90,속초,3,0,0,0,0,0,0,0,0,0,0,2,0,0,1,7,0
119,수원,3,0,0,0,0,0,0,0,0,0,0,3,1,3,2,7,2
174,순천,3,0,0,0,0,0,0,0,0,0,0,0,0,1,2,0,0
136,안동,3,0,0,0,0,0,0,0,0,0,0,4,0,1,1,5,0
168,여수,3,0,0,0,0,0,0,0,0,0,0,0,0,1,2,4,0
121,영월,3,0,0,0,0,0,0,0,0,0,0,0,0,0,0,1,0
170,완도,3,0,0,0,0,0,0,0,0,0,0,1,0,2,2,0,0
115,울릉도,3,0,0,0,0,0,0,0,0,0,0,1,0,0,1,2,0
152,울산,3,0,0,0,0,0,0,0,0,0,0,3,0,0,1,2,0
130,울진,3,0,0,0,0,0,0,0,0,0,0,3,0,0,1,0,0
114,원주,3,0,0,0,0,0,0,0,0,0,0,4,1,1,1,1,0
203,이천,3,0,0,0,0,0,0,0,0,0,0,0,0,0,0,1,0
112,인천,3,0,0,0,0,0,0,0,0,0,0,3,1,3,2,9,3
146,전주,3,0,0,0,0,0,0,0,0,0,0,3,0,2,2,9,0
245,정읍,3,0,0,0,0,0,0,0,0,0,0,3,0,0,0,1,0
184,제주,3,0,0,0,0,0,0,0,0,0,0,2,2,2,2,5,0
175,진도(첨찰산),3,0,0,0,0,0,0,0,0,0,0,1,0,3,2,1,0
192,진주,3,0,0,0,0,0,0,0,0,0,0,2,0,1,2,0,0
155,창원,3,0,0,0,0,0,0,0,0,0,0,2,0,0,2,2,0
232,천안,3,0,0,0,0,0,0,0,0,0,0,3,1,2,2,1,0
95,철원,3,0,0,0,0,0,0,0,0,0,0,3,0,0,1,1,0
131,청주,3,0,0,0,0,0,0,0,0,0,0,3,1,2,2,7,0
135,추풍령,3,0,0,0,0,0,0,0,0,0,0,4,0,0,0,0,0
101,춘천,3,0,0,0,0,0,0,0,0,0,0,3,1,0,1,5,0
162,통영,3,0,0,0,0,0,0,0,0,0,0,1,0,0,2,0,0
99,파주,3,0,0,0,0,0,0,0,0,0,0,0,0,0,0,2,0
138,포항,3,0,0,0,0,0,0,0,0,0,0,3,0,0,1,2,0
169,흑산도,3,0,0,0,0,0,0,0,0,0,0,2,0,3,1,4,1
201,강화,4,0,0,0,0,0,0,0,0,0,0,0,0,0,0,0,1
185,고산,4,0,0,0,0,0,0,0,0,0,0,0,0,1,0,0,2
172,고창,4,0,0,0,0,0,0,0,0,0,0,0,0,0,0,0,4
156,광주,4,0,0,0,0,0,0,0,0,0,0,0,0,0,0,0,5
140,군산,4,0,0,0,0,0,0,0,0,0,0,0,0,0,0,0,4
247,남원,4,0,0,0,0,0,0,0,0,0,0,0,0,0,0,0,4
100,대관령,4,0,0,0,0,0,0,0,0,0,0,1,0,0,0,0,0
143,대구,4,0,0,0,0,0,0,0,0,0,0,2,0,0,0,0,4
133,대전,4,0,0,0,0,0,0,0,0,0,0,0,0,0,0,0,2
165,목포,4,0,0,0,0,0,0,0,0,0,0,0,0,0,0,0,4
102,백령도,4,0,0,0,0,0,0,0,0,0,0,1,0,0,0,1,4
159,부산,4,0,0,0,0,0,0,0,0,0,0,0,0,0,0,1,5
104,북강릉,4,0,0,0,0,0,0,0,0,0,0,0,0,0,0,0,2
189,서귀포,4,0,0,0,0,0,0,0,0,0,0,0,0,1,0,0,0
129,서산,4,0,0,0,0,0,0,0,0,0,0,0,0,0,0,0,2
108,서울,4,0,0,0,0,0,0,0,0,0,0,0,0,0,0,2,4
188,성산,4,0,0,0,0,0,0,0,0,0,0,0,0,1,0,0,0
90,속초,4,0,0,0,0,0,0,0,0,0,0,0,1,0,0,1,0
119,수원,4,0,0,0,0,0,0,0,0,0,0,0,0,0,0,0,2
136,안동,4,0,0,0,0,0,0,0,0,0,0,2,0,0,0,0,3
168,여수,4,0,0,0,0,0,0,0,0,0,0,0,0,0,0,0,4
115,울릉도,4,0,0,0,0,0,0,0,0,0,0,0,0,0,0,1,1
152,울산,4,0,0,0,0,0,0,0,0,0,0,1,0,0,0,2,4
130,울진,4,0,0,0,0,0,0,0,0,0,0,2,0,0,0,0,0
112,인천,4,0,0,0,0,0,0,0,0,0,0,0,0,0,0,2,3
146,전주,4,0,0,0,0,0,0,0,0,0,0,0,0,0,0,0,4
245,정읍,4,0,0,0,0,0,0,0,0,0,0,0,0,0,0,0,4
184,제주,4,0,0,0,0,0,0,0,0,0,0,0,0,1,0,0,2
175,진도(첨찰산),4,0,0,0,0,0,0,0,0,0,0,0,0,0,0,2,0
192,진주,4,0,0,0,0,0,0,0,0,0,0,0,0,0,0,0,2
155,창원,4,0,0,0,0,0,0,0,0,0,0,0,0,0,0,0,3
131,청주,4,0,0,0,0,0,0,0,0,0,0,0,0,0,0,0,2
101,춘천,4,0,0,0,0,0,0,0,0,0,0,0,0,0,0,0,2
138,포항,4,0,0,0,0,0,0,0,0,0,0,1,0,0,0,0,2
169,흑산도,4,0,0,0,0,0,0,0,0,0,0,0,0,0,0,0,3
284,거창,5,0,0,0,0,0,0,0,0,0,0,6,0,0,3,0,0
185,고산,5,0,0,0,0,0,0,0,0,0,0,6,0,0,4,0,1
172,고창,5,0,0,0,0,0,0,0,0,0,0,6,0,0,4,0,1
156,광주,5,0,0,0,0,0,0,0,0,0,0,6,0,0,3,0,1
140,군산,5,0,0,0,0,0,0,0,0,0,0,6,0,0,4,0,1
247,남원,5,0,0,0,0,0,0,0,0,0,0,0,0,0,0,0,1
100,대관령,5,0,0,0,0,0,0,0,0,0,0,6,0,0,1,0,0
143,대구,5,0,0,0,0,0,0,0,0,0,0,6,0,0,0,0,2
133,대전,5,0,0,0,0,0,0,0,0,0,0,6,0,0,3,0,1
165,목포,5,0,0,0,0,0,0,0,0,0,0,6,0,0,4,0,1
102,백령도,5,0,0,0,0,0,0,0,0,0,0,6,0,0,2,0,2
235,보령,5,0,0,0,0,0,0,0,0,0,0,6,0,0,4,0,0
159,부산,5,0,0,0,0,0,0,0,0,0,0,5,0,0,4,0,2
104,북강릉,5,0,0,0,0,0,0,0,0,0,0,5,0,0,2,0,1
189,서귀포,5,0,0,0,0,0,0,0,0,0,0,6,0,0,4,0,0
129,서산,5,0,0,0,0,0,0,0,0,0,0,6,0,0,4,0,2
108,서울,5,0,0,0,0,0,0,0,0,0,0,6,0,0,4,0,1
188,성산,5,0,0,0,0,0,0,0,0,0,0,6,0,0,4,0,0
90,속초,5,0,0,0,0,0,0,0,0,0,0,5,0,0,4,0,0
119,수원,5,0,0,0,0,0,0,0,0,0,0,6,0,0,3,0,1
174,순천,5,0,0,0,0,0,0,0,0,0,0,6,0,0,3,0,0
136,안동,5,0,0,0,0,0,0,0,0,0,0,5,0,0,3,0,1
168,여수,5,0,0,0,0,0,0,0,0,0,0,6,0,0,4,0,1
170,완도,5,0,0,0,0,0,0,0,0,0,0,6,0,0,4,0,0
115,울릉도,5,0,0,0,0,0,0,0,0,0,0,5,0,0,3,0,2
152,울산,5,0,0,0,0,0,0,0,0,0,0,5,0,0,4,0,2
130,울진,5,0,0,0,0,0,0,0,0,0,0,6,0,0,2,0,0
114,원주,5,0,0,0,0,0,0,0,0,0,0,7,0,0,4,0,0
112,인천,5,0,0,0,0,0,0,0,0,0,0,5,0,0,3,0,2
146,전주,5,0,0,0,0,0,0,0,0,0,0,6,0,0,4,0,1
245,정읍,5,0,0,0,0,0,0,0,0,0,0,0,0,0,0,0,1
184,제주,5,0,0,0,0,0,0,0,0,0,0,6,0,0,4,0,1
175,진도(첨찰산),5,0,0,0,0,0,0,0,0,0,0,6,0,0,4,1,0
192,진주,5,0,0,0,0,0,0,0,0,0,0,6,0,0,4,0,0
155,창원,5,0,0,0,0,0,0,0,0,0,0,4,0,0,4,0,2
232,천안,5,0,0,0,0,0,0,0,0,0,0,6,0,0,3,0,0
95,철원,5,0,0,0,0,0,0,0,0,0,0,6,0,0,4,0,0
131,청주,5,0,0,0,0,0,0,0,0,0,0,6,0,0,3,0,1
101,춘천,5,0,0,0,0,0,0,0,0,0,0,6,0,0,4,0,2
162,통영,5,0,0,0,0,0,0,0,0,0,0,4,0,0,4,0,0
138,포항,5,0,0,0,0,0,0,0,0,0,0,5,0,0,2,0,2
169,흑산도,5,0,0,0,0,0,0,0,0,0,0,6,0,0,4,0,1
185,고산,6,0,0,0,0,0,0,0,0,0,0,0,0,0,0,1,0
189,서귀포,6,0,0,0,0,0,0,0,0,0,0,0,0,0,0,1,0
184,제주,6,0,0,0,0,0,0,0,0,0,0,0,0,0,0,1,0
175,진도(첨찰산),6,0,0,0,0,0,0,0,0,0,0,0,0,0,0,1,0
156,광주,10,0,0,0,0,0,0,0,0,0,0,0,0,0,0,1,0
165,목포,10,0,0,0,0,0,0,0,0,0,0,0,0,0,0,1,0
102,백령도,10,0,0,0,0,0,0,0,0,0,0,0,0,0,2,1,0
146,전주,10,0,0,0,0,0,0,0,0,0,0,0,0,0,0,1,0
169,흑산도,10,0,0,0,0,0,0,0,0,0,0,0,0,0,0,1,0
284,거창,11,0,0,0,0,0,0,0,0,0,0,0,2,0,0,0,0
185,고산,11,0,0,0,0,0,0,0,0,0,0,0,2,0,0,0,1
172,고창,11,0,0,0,0,0,0,0,0,0,0,0,2,0,0,0,0
156,광주,11,0,0,0,0,0,0,0,0,0,0,0,2,0,0,0,0
140,군산,11,0,0,0,0,0,0,0,0,0,0,0,2,0,0,0,0
100,대관령,11,0,0,0,0,0,0,0,0,0,0,0,2,0,1,0,0
143,대구,11,0,0,0,0,0,0,0,0,0,0,0,2,0,0,0,0
133,대전,11,0,0,0,0,0,0,0,0,0,0,0,2,0,0,0,0
165,목포,11,0,0,0,0,0,0,0,0,0,0,0,2,0,0,0,2
102,백령도,11,0,0,0,0,0,0,0,0,0,0,0,1,0,0,0,1
235,보령,11,0,0,0,0,0,0,0,0,0,0,0,1,0,0,0,0
159,부산,11,0,0,0,0,0,0,0,0,0,0,0,1,0,0,0,0
104,북강릉,11,0,0,0,0,0,0,0,0,0,0,0,2,0,1,0,0
129,서산,11,0,0,0,0,0,0,0,0,0,0,0,1,0,0,0,0
108,서울,11,0,0,0,0,0,0,0,0,0,0,0,1,0,1,0,0
188,성산,11,0,0,0,0,0,0,0,0,0,0,0,2,0,0,0,0
90,속초,11,0,0,0,0,0,0,0,0,0,0,0,1,0,1,0,0
119,수원,11,0,0,0,0,0,0,0,0,0,0,0,1,0,1,0,0
174,순천,11,0,0,0,0,0,0,0,0,0,0,0,2,0,0,0,0
136,안동,11,0,0,0,0,0,0,0,0,0,0,0,2,0,1,0,0
168,여수,11,0,0,0,0,0,0,0,0,0,0,0,2,0,0,0,0
170,완도,11,0,0,0,0,0,0,0,0,0,0,0,2,0,0,0,0
115,울릉도,11,0,0,0,0,0,0,0,0,0,0,0,1,0,0,0,0
152,울산,11,0,0,0,0,0,0,0,0,0,0,0,1,0,0,0,0
130,울진,11,0,0,0,0,0,0,0,0,0,0,0,2,0,0,0,0
114,원주,11,0,0,0,0,0,0,0,0,0,0,0,2,0,1,0,0
112,인천,11,0,0,0,0,0,0,0,0,0,0,0,1,0,1,0,0
146,전주,11,0,0,0,0,0,0,0,0,0,0,0,2,0,0,0,0
184,제주,11,0,0,0,0,0,0,0,0,0,0,0,2,0,0,0,1
175,진도(첨찰산),11,0,0,0,0,0,0,0,0,0,0,0,2,0,0,0,0
192,진주,11,0,0,0,0,0,0,0,0,0,0,0,1,0,0,0,0
155,창원,11,0,0,0,0,0,0,0,0,0,0,0,1,0,0,0,0
232,천안,11,0,0,0,0,0,0,0,0,0,0,0,1,0,1,0,0
95,철원,11,0,0,0,0,0,0,0,0,0,0,0,1,0,1,0,0
131,청주,11,0,0,0,0,0,0,0,0,0,0,0,2,0,1,0,0
101,춘천,11,0,0,0,0,0,0,0,0,0,0,0,1,0,1,0,0
162,통영,11,0,0,0,0,0,0,0,0,0,0,0,1,0,0,0,0
138,포항,11,0,0,0,0,0,0,0,0,0,0,0,1,0,0,0,0
169,흑산도,11,0,0,0,0,0,0,0,0,0,0,0,2,0,0,0,2
185,고산,12,0,0,0,0,0,0,0,0,0,0,0,1,0,0,0,0
100,대관령,12,0,0,0,0,0,0,0,0,0,0,0,0,0,1,0,0
102,백령도,12,0,0,0,0,0,0,0,0,0,0,0,0,0,1,0,0
108,서울,12,0,0,0,0,0,0,0,0,0,0,0,0,0,1,0,0
90,속초,12,0,0,0,0,0,0,0,0,0,0,0,0,0,1,0,0
119,수원,12,0,0,0,0,0,0,0,0,0,0,0,0,0,1,0,0
114,원주,12,0,0,0,0,0,0,0,0,0,0,0,0,0,1,0,0
112,인천,12,0,0,0,0,0,0,0,0,0,0,0,0,0,1,0,0
232,천안,12,0,0,0,0,0,0,0,0,0,0,0,0,0,1,0,0
95,철원,12,0,0,0,0,0,0,0,0,0,0,0,0,0,1,0,0
101,춘천,12,0,0,0,0,0,0,0,0,0,0,0,0,0,1,0,0
169,흑산도,12,0,0,0,0,0,0,0,0,0,0,0,0,0,1,0,0
